no;id;period;y;g;D;alpha_i;x1;x2
1;1;1;1;0;0;0.2079;-0.4662;1
2;1;2;0;0;0;0.2079;-0.4662;1
3;1;3;1;0;0;0.2079;-0.4662;1
4;1;4;0;0;0;0.2079;-0.4662;1
5;1;5;0;0;0;0.2079;-0.4662;1
6;1;6;0;0;0;0.2079;-0.4662;1
7;2;1;1;0;0;0.9098;0.7177;0
8;2;2;0;0;0;0.9098;0.7177;0
9;2;3;1;0;0;0.9098;0.7177;0
10;2;4;1;0;0;0.9098;0.7177;0
11;2;5;1;0;0;0.9098;0.7177;0
12;2;6;0;0;0;0.9098;0.7177;0
13;3;1;1;0;0;0.7093;0.8125;1
14;3;2;1;0;0;0.7093;0.8125;1
15;3;3;0;0;0;0.7093;0.8125;1
16;3;4;0;0;0;0.7093;0.8125;1
17;3;5;0;0;0;0.7093;0.8125;1
18;3;6;1;0;0;0.7093;0.8125;1
19;4;1;0;0;0;-0.3134;1.5399;1
20;4;2;0;0;0;-0.3134;1.5399;1
21;4;3;0;0;0;-0.3134;1.5399;1
22;4;4;1;0;0;-0.3134;1.5399;1
23;4;5;0;0;0;-0.3134;1.5399;1
24;4;6;0;0;0;-0.3134;1.5399;1
25;5;1;1;0;0;-0.4468;-0.1952;1
26;5;2;0;0;0;-0.4468;-0.1952;1
27;5;3;0;0;0;-0.4468;-0.1952;1
28;5;4;1;0;0;-0.4468;-0.1952;1
29;5;5;1;0;0;-0.4468;-0.1952;1
30;5;6;0;0;0;-0.4468;-0.1952;1
31;6;1;1;0;0;0.0534;-1.5125;0
32;6;2;0;0;0;0.0534;-1.5125;0
33;6;3;1;0;0;0.0534;-1.5125;0
34;6;4;0;0;0;0.0534;-1.5125;0
35;6;5;1;0;0;0.0534;-1.5125;0
36;6;6;1;0;0;0.0534;-1.5125;0
37;7;1;0;0;0;0.0546;0.9716;1
38;7;2;0;0;0;0.0546;0.9716;1
39;7;3;0;0;0;0.0546;0.9716;1
40;7;4;0;0;0;0.0546;0.9716;1
41;7;5;0;0;0;0.0546;0.9716;1
42;7;6;0;0;0;0.0546;0.9716;1
43;8;1;1;0;0;-0.2348;0.4675;1
44;8;2;0;0;0;-0.2348;0.4675;1
45;8;3;0;0;0;-0.2348;0.4675;1
46;8;4;0;0;0;-0.2348;0.4675;1
47;8;5;0;0;0;-0.2348;0.4675;1
48;8;6;1;0;0;-0.2348;0.4675;1
49;9;1;1;0;0;0.5616;0.0145;0
50;9;2;1;0;0;0.5616;0.0145;0
51;9;3;1;0;0;0.5616;0.0145;0
52;9;4;1;0;0;0.5616;0.0145;0
53;9;5;1;0;0;0.5616;0.0145;0
54;9;6;0;0;0;0.5616;0.0145;0
55;10;1;0;0;0;-0.912;-0.0596;1
56;10;2;0;0;0;-0.912;-0.0596;1
57;10;3;0;0;0;-0.912;-0.0596;1
58;10;4;0;0;0;-0.912;-0.0596;1
59;10;5;0;0;0;-0.912;-0.0596;1
60;10;6;1;0;0;-0.912;-0.0596;1
61;11;1;1;0;0;0.0109;-0.5442;1
62;11;2;0;0;0;0.0109;-0.5442;1
63;11;3;0;0;0;0.0109;-0.5442;1
64;11;4;0;0;0;0.0109;-0.5442;1
65;11;5;1;0;0;0.0109;-0.5442;1
66;11;6;0;0;0;0.0109;-0.5442;1
67;12;1;1;0;0;-0.3243;-0.7238;0
68;12;2;0;0;0;-0.3243;-0.7238;0
69;12;3;1;0;0;-0.3243;-0.7238;0
70;12;4;0;0;0;-0.3243;-0.7238;0
71;12;5;0;0;0;-0.3243;-0.7238;0
72;12;6;0;0;0;-0.3243;-0.7238;0
73;13;1;0;0;0;-0.932;-1.7951;0
74;13;2;0;0;0;-0.932;-1.7951;0
75;13;3;0;0;0;-0.932;-1.7951;0
76;13;4;0;0;0;-0.932;-1.7951;0
77;13;5;0;0;0;-0.932;-1.7951;0
78;13;6;0;0;0;-0.932;-1.7951;0
79;14;1;1;0;0;-0.0488;1.1309;1
80;14;2;1;0;0;-0.0488;1.1309;1
81;14;3;0;0;0;-0.0488;1.1309;1
82;14;4;0;0;0;-0.0488;1.1309;1
83;14;5;1;0;0;-0.0488;1.1309;1
84;14;6;0;0;0;-0.0488;1.1309;1
85;15;1;0;0;0;-0.3659;0.8543;0
86;15;2;0;0;0;-0.3659;0.8543;0
87;15;3;0;0;0;-0.3659;0.8543;0
88;15;4;1;0;0;-0.3659;0.8543;0
89;15;5;1;0;0;-0.3659;0.8543;0
90;15;6;0;0;0;-0.3659;0.8543;0
91;16;1;1;0;0;-0.4154;1.6082;1
92;16;2;0;0;0;-0.4154;1.6082;1
93;16;3;0;0;0;-0.4154;1.6082;1
94;16;4;0;0;0;-0.4154;1.6082;1
95;16;5;0;0;0;-0.4154;1.6082;1
96;16;6;0;0;0;-0.4154;1.6082;1
97;17;1;0;0;0;-0.394;-0.0367;1
98;17;2;1;0;0;-0.394;-0.0367;1
99;17;3;1;0;0;-0.394;-0.0367;1
100;17;4;1;0;0;-0.394;-0.0367;1
101;17;5;0;0;0;-0.394;-0.0367;1
102;17;6;0;0;0;-0.394;-0.0367;1
103;18;1;0;0;0;-0.6362;-0.2481;1
104;18;2;0;0;0;-0.6362;-0.2481;1
105;18;3;0;0;0;-0.6362;-0.2481;1
106;18;4;1;0;0;-0.6362;-0.2481;1
107;18;5;0;0;0;-0.6362;-0.2481;1
108;18;6;0;0;0;-0.6362;-0.2481;1
109;19;1;1;0;0;2.022;0.5428;0
110;19;2;1;0;0;2.022;0.5428;0
111;19;3;0;0;0;2.022;0.5428;0
112;19;4;1;0;0;2.022;0.5428;0
113;19;5;1;0;0;2.022;0.5428;0
114;19;6;1;0;0;2.022;0.5428;0
115;20;1;0;0;0;0.5791;-0.1219;0
116;20;2;1;0;0;0.5791;-0.1219;0
117;20;3;1;0;0;0.5791;-0.1219;0
118;20;4;0;0;0;0.5791;-0.1219;0
119;20;5;0;0;0;0.5791;-0.1219;0
120;20;6;0;0;0;0.5791;-0.1219;0
121;21;1;0;0;0;-0.7943;-0.7274;0
122;21;2;0;0;0;-0.7943;-0.7274;0
123;21;3;0;0;0;-0.7943;-0.7274;0
124;21;4;0;0;0;-0.7943;-0.7274;0
125;21;5;0;0;0;-0.7943;-0.7274;0
126;21;6;1;0;0;-0.7943;-0.7274;0
127;22;1;0;0;0;0.1006;-0.4745;0
128;22;2;1;0;0;0.1006;-0.4745;0
129;22;3;0;0;0;0.1006;-0.4745;0
130;22;4;0;0;0;0.1006;-0.4745;0
131;22;5;0;0;0;0.1006;-0.4745;0
132;22;6;0;0;0;0.1006;-0.4745;0
133;23;1;0;0;0;-0.0492;0.4784;1
134;23;2;0;0;0;-0.0492;0.4784;1
135;23;3;1;0;0;-0.0492;0.4784;1
136;23;4;0;0;0;-0.0492;0.4784;1
137;23;5;0;0;0;-0.0492;0.4784;1
138;23;6;0;0;0;-0.0492;0.4784;1
139;24;1;1;0;0;0.8371;-0.0622;1
140;24;2;0;0;0;0.8371;-0.0622;1
141;24;3;0;0;0;0.8371;-0.0622;1
142;24;4;0;0;0;0.8371;-0.0622;1
143;24;5;1;0;0;0.8371;-0.0622;1
144;24;6;0;0;0;0.8371;-0.0622;1
145;25;1;0;0;0;-0.4266;-0.3094;0
146;25;2;1;0;0;-0.4266;-0.3094;0
147;25;3;0;0;0;-0.4266;-0.3094;0
148;25;4;1;0;0;-0.4266;-0.3094;0
149;25;5;0;0;0;-0.4266;-0.3094;0
150;25;6;0;0;0;-0.4266;-0.3094;0
151;26;1;0;0;0;-0.4047;-0.0252;1
152;26;2;0;0;0;-0.4047;-0.0252;1
153;26;3;1;0;0;-0.4047;-0.0252;1
154;26;4;0;0;0;-0.4047;-0.0252;1
155;26;5;0;0;0;-0.4047;-0.0252;1
156;26;6;0;0;0;-0.4047;-0.0252;1
157;27;1;0;0;0;0.1495;0.1028;0
158;27;2;1;0;0;0.1495;0.1028;0
159;27;3;0;0;0;0.1495;0.1028;0
160;27;4;0;0;0;0.1495;0.1028;0
161;27;5;0;0;0;0.1495;0.1028;0
162;27;6;1;0;0;0.1495;0.1028;0
163;28;1;0;0;0;-0.5366;-1.0319;1
164;28;2;0;0;0;-0.5366;-1.0319;1
165;28;3;0;0;0;-0.5366;-1.0319;1
166;28;4;0;0;0;-0.5366;-1.0319;1
167;28;5;1;0;0;-0.5366;-1.0319;1
168;28;6;0;0;0;-0.5366;-1.0319;1
169;29;1;1;0;0;-0.1963;-0.6137;1
170;29;2;0;0;0;-0.1963;-0.6137;1
171;29;3;0;0;0;-0.1963;-0.6137;1
172;29;4;0;0;0;-0.1963;-0.6137;1
173;29;5;1;0;0;-0.1963;-0.6137;1
174;29;6;0;0;0;-0.1963;-0.6137;1
175;30;1;0;0;0;-0.1047;-1.2226;0
176;30;2;0;0;0;-0.1047;-1.2226;0
177;30;3;0;0;0;-0.1047;-1.2226;0
178;30;4;0;0;0;-0.1047;-1.2226;0
179;30;5;0;0;0;-0.1047;-1.2226;0
180;30;6;0;0;0;-0.1047;-1.2226;0
181;31;1;0;0;0;-0.112;-1.1591;0
182;31;2;0;0;0;-0.112;-1.1591;0
183;31;3;1;0;0;-0.112;-1.1591;0
184;31;4;1;0;0;-0.112;-1.1591;0
185;31;5;1;0;0;-0.112;-1.1591;0
186;31;6;0;0;0;-0.112;-1.1591;0
187;32;1;0;0;0;0.6703;0.7491;1
188;32;2;0;0;0;0.6703;0.7491;1
189;32;3;0;0;0;0.6703;0.7491;1
190;32;4;0;0;0;0.6703;0.7491;1
191;32;5;1;0;0;0.6703;0.7491;1
192;32;6;0;0;0;0.6703;0.7491;1
193;33;1;0;0;0;0.0615;1.4119;0
194;33;2;0;0;0;0.0615;1.4119;0
195;33;3;0;0;0;0.0615;1.4119;0
196;33;4;0;0;0;0.0615;1.4119;0
197;33;5;0;0;0;0.0615;1.4119;0
198;33;6;0;0;0;0.0615;1.4119;0
199;34;1;0;0;0;-0.1635;0.6097;0
200;34;2;0;0;0;-0.1635;0.6097;0
201;34;3;1;0;0;-0.1635;0.6097;0
202;34;4;0;0;0;-0.1635;0.6097;0
203;34;5;0;0;0;-0.1635;0.6097;0
204;34;6;0;0;0;-0.1635;0.6097;0
205;35;1;0;0;0;-1.0632;-2.4202;0
206;35;2;0;0;0;-1.0632;-2.4202;0
207;35;3;0;0;0;-1.0632;-2.4202;0
208;35;4;0;0;0;-1.0632;-2.4202;0
209;35;5;0;0;0;-1.0632;-2.4202;0
210;35;6;0;0;0;-1.0632;-2.4202;0
211;36;1;1;0;0;-1.2321;1.1683;0
212;36;2;0;0;0;-1.2321;1.1683;0
213;36;3;0;0;0;-1.2321;1.1683;0
214;36;4;0;0;0;-1.2321;1.1683;0
215;36;5;0;0;0;-1.2321;1.1683;0
216;36;6;1;0;0;-1.2321;1.1683;0
217;37;1;1;0;0;0.6844;1.4762;0
218;37;2;0;0;0;0.6844;1.4762;0
219;37;3;0;0;0;0.6844;1.4762;0
220;37;4;1;0;0;0.6844;1.4762;0
221;37;5;0;0;0;0.6844;1.4762;0
222;37;6;0;0;0;0.6844;1.4762;0
223;38;1;0;0;0;-0.0846;1.2187;1
224;38;2;1;0;0;-0.0846;1.2187;1
225;38;3;1;0;0;-0.0846;1.2187;1
226;38;4;0;0;0;-0.0846;1.2187;1
227;38;5;0;0;0;-0.0846;1.2187;1
228;38;6;0;0;0;-0.0846;1.2187;1
229;39;1;1;0;0;1.2752;1.2301;0
230;39;2;0;0;0;1.2752;1.2301;0
231;39;3;1;0;0;1.2752;1.2301;0
232;39;4;1;0;0;1.2752;1.2301;0
233;39;5;1;0;0;1.2752;1.2301;0
234;39;6;1;0;0;1.2752;1.2301;0
235;40;1;0;0;0;0.4458;-0.0782;1
236;40;2;1;0;0;0.4458;-0.0782;1
237;40;3;0;0;0;0.4458;-0.0782;1
238;40;4;1;0;0;0.4458;-0.0782;1
239;40;5;0;0;0;0.4458;-0.0782;1
240;40;6;0;0;0;0.4458;-0.0782;1
241;41;1;1;0;0;0.6654;-0.2954;0
242;41;2;0;0;0;0.6654;-0.2954;0
243;41;3;0;0;0;0.6654;-0.2954;0
244;41;4;1;0;0;0.6654;-0.2954;0
245;41;5;0;0;0;0.6654;-0.2954;0
246;41;6;1;0;0;0.6654;-0.2954;0
247;42;1;0;0;0;-0.3894;-0.3615;0
248;42;2;0;0;0;-0.3894;-0.3615;0
249;42;3;0;0;0;-0.3894;-0.3615;0
250;42;4;0;0;0;-0.3894;-0.3615;0
251;42;5;0;0;0;-0.3894;-0.3615;0
252;42;6;0;0;0;-0.3894;-0.3615;0
253;43;1;0;0;0;-0.5679;-0.4935;1
254;43;2;0;0;0;-0.5679;-0.4935;1
255;43;3;1;0;0;-0.5679;-0.4935;1
256;43;4;1;0;0;-0.5679;-0.4935;1
257;43;5;0;0;0;-0.5679;-0.4935;1
258;43;6;0;0;0;-0.5679;-0.4935;1
259;44;1;0;0;0;0.0019;-0.872;0
260;44;2;0;0;0;0.0019;-0.872;0
261;44;3;1;0;0;0.0019;-0.872;0
262;44;4;0;0;0;0.0019;-0.872;0
263;44;5;0;0;0;0.0019;-0.872;0
264;44;6;0;0;0;0.0019;-0.872;0
265;45;1;0;0;0;-1.6415;-0.4058;0
266;45;2;0;0;0;-1.6415;-0.4058;0
267;45;3;0;0;0;-1.6415;-0.4058;0
268;45;4;0;0;0;-1.6415;-0.4058;0
269;45;5;0;0;0;-1.6415;-0.4058;0
270;45;6;0;0;0;-1.6415;-0.4058;0
271;46;1;0;0;0;-0.0035;-0.915;1
272;46;2;0;0;0;-0.0035;-0.915;1
273;46;3;0;0;0;-0.0035;-0.915;1
274;46;4;1;0;0;-0.0035;-0.915;1
275;46;5;0;0;0;-0.0035;-0.915;1
276;46;6;0;0;0;-0.0035;-0.915;1
277;47;1;0;0;0;-0.2319;-0.3401;0
278;47;2;0;0;0;-0.2319;-0.3401;0
279;47;3;0;0;0;-0.2319;-0.3401;0
280;47;4;1;0;0;-0.2319;-0.3401;0
281;47;5;1;0;0;-0.2319;-0.3401;0
282;47;6;0;0;0;-0.2319;-0.3401;0
283;48;1;1;0;0;0.9393;1.8076;1
284;48;2;1;0;0;0.9393;1.8076;1
285;48;3;1;0;0;0.9393;1.8076;1
286;48;4;0;0;0;0.9393;1.8076;1
287;48;5;1;0;0;0.9393;1.8076;1
288;48;6;1;0;0;0.9393;1.8076;1
289;49;1;0;0;0;-0.6694;-0.5056;1
290;49;2;1;0;0;-0.6694;-0.5056;1
291;49;3;0;0;0;-0.6694;-0.5056;1
292;49;4;0;0;0;-0.6694;-0.5056;1
293;49;5;1;0;0;-0.6694;-0.5056;1
294;49;6;0;0;0;-0.6694;-0.5056;1
295;50;1;0;0;0;0.624;0.7453;1
296;50;2;1;0;0;0.624;0.7453;1
297;50;3;1;0;0;0.624;0.7453;1
298;50;4;1;0;0;0.624;0.7453;1
299;50;5;1;0;0;0.624;0.7453;1
300;50;6;1;0;0;0.624;0.7453;1
301;51;1;0;0;0;-0.6693;-1.1725;0
302;51;2;0;0;0;-0.6693;-1.1725;0
303;51;3;0;0;0;-0.6693;-1.1725;0
304;51;4;0;0;0;-0.6693;-1.1725;0
305;51;5;0;0;0;-0.6693;-1.1725;0
306;51;6;0;0;0;-0.6693;-1.1725;0
307;52;1;0;0;0;-1.2578;-2.0153;0
308;52;2;1;0;0;-1.2578;-2.0153;0
309;52;3;1;0;0;-1.2578;-2.0153;0
310;52;4;0;0;0;-1.2578;-2.0153;0
311;52;5;1;0;0;-1.2578;-2.0153;0
312;52;6;0;0;0;-1.2578;-2.0153;0
313;53;1;1;0;0;0.4132;1.1499;0
314;53;2;0;0;0;0.4132;1.1499;0
315;53;3;0;0;0;0.4132;1.1499;0
316;53;4;0;0;0;0.4132;1.1499;0
317;53;5;0;0;0;0.4132;1.1499;0
318;53;6;1;0;0;0.4132;1.1499;0
319;54;1;0;0;0;-0.2981;-0.4541;0
320;54;2;0;0;0;-0.2981;-0.4541;0
321;54;3;0;0;0;-0.2981;-0.4541;0
322;54;4;0;0;0;-0.2981;-0.4541;0
323;54;5;0;0;0;-0.2981;-0.4541;0
324;54;6;0;0;0;-0.2981;-0.4541;0
325;55;1;1;0;0;-0.4819;-2.4186;1
326;55;2;0;0;0;-0.4819;-2.4186;1
327;55;3;0;0;0;-0.4819;-2.4186;1
328;55;4;0;0;0;-0.4819;-2.4186;1
329;55;5;1;0;0;-0.4819;-2.4186;1
330;55;6;0;0;0;-0.4819;-2.4186;1
331;56;1;0;0;0;0.2092;1.0402;0
332;56;2;0;0;0;0.2092;1.0402;0
333;56;3;0;0;0;0.2092;1.0402;0
334;56;4;0;0;0;0.2092;1.0402;0
335;56;5;0;0;0;0.2092;1.0402;0
336;56;6;1;0;0;0.2092;1.0402;0
337;57;1;0;0;0;-0.2018;-0.9581;0
338;57;2;1;0;0;-0.2018;-0.9581;0
339;57;3;0;0;0;-0.2018;-0.9581;0
340;57;4;1;0;0;-0.2018;-0.9581;0
341;57;5;0;0;0;-0.2018;-0.9581;0
342;57;6;0;0;0;-0.2018;-0.9581;0
343;58;1;0;0;0;0.9148;1.0999;1
344;58;2;1;0;0;0.9148;1.0999;1
345;58;3;0;0;0;0.9148;1.0999;1
346;58;4;1;0;0;0.9148;1.0999;1
347;58;5;0;0;0;0.9148;1.0999;1
348;58;6;1;0;0;0.9148;1.0999;1
349;59;1;0;0;0;0.2614;0.8719;0
350;59;2;0;0;0;0.2614;0.8719;0
351;59;3;0;0;0;0.2614;0.8719;0
352;59;4;1;0;0;0.2614;0.8719;0
353;59;5;0;0;0;0.2614;0.8719;0
354;59;6;1;0;0;0.2614;0.8719;0
355;60;1;0;0;0;0.2555;1.3925;0
356;60;2;0;0;0;0.2555;1.3925;0
357;60;3;1;0;0;0.2555;1.3925;0
358;60;4;1;0;0;0.2555;1.3925;0
359;60;5;0;0;0;0.2555;1.3925;0
360;60;6;0;0;0;0.2555;1.3925;0
361;61;1;0;0;0;0.5195;0.7608;0
362;61;2;1;0;0;0.5195;0.7608;0
363;61;3;0;0;0;0.5195;0.7608;0
364;61;4;0;0;0;0.5195;0.7608;0
365;61;5;0;0;0;0.5195;0.7608;0
366;61;6;1;0;0;0.5195;0.7608;0
367;62;1;0;0;0;0.3683;0.6377;1
368;62;2;1;0;0;0.3683;0.6377;1
369;62;3;0;0;0;0.3683;0.6377;1
370;62;4;1;0;0;0.3683;0.6377;1
371;62;5;0;0;0;0.3683;0.6377;1
372;62;6;0;0;0;0.3683;0.6377;1
373;63;1;1;0;0;-0.2011;0.1487;1
374;63;2;0;0;0;-0.2011;0.1487;1
375;63;3;0;0;0;-0.2011;0.1487;1
376;63;4;0;0;0;-0.2011;0.1487;1
377;63;5;0;0;0;-0.2011;0.1487;1
378;63;6;1;0;0;-0.2011;0.1487;1
379;64;1;0;0;0;-0.3457;0.6889;1
380;64;2;0;0;0;-0.3457;0.6889;1
381;64;3;0;0;0;-0.3457;0.6889;1
382;64;4;0;0;0;-0.3457;0.6889;1
383;64;5;0;0;0;-0.3457;0.6889;1
384;64;6;0;0;0;-0.3457;0.6889;1
385;65;1;0;0;0;0.3538;1.297;1
386;65;2;0;0;0;0.3538;1.297;1
387;65;3;1;0;0;0.3538;1.297;1
388;65;4;1;0;0;0.3538;1.297;1
389;65;5;0;0;0;0.3538;1.297;1
390;65;6;0;0;0;0.3538;1.297;1
391;66;1;1;0;0;1.0641;1.6724;0
392;66;2;0;0;0;1.0641;1.6724;0
393;66;3;0;0;0;1.0641;1.6724;0
394;66;4;1;0;0;1.0641;1.6724;0
395;66;5;1;0;0;1.0641;1.6724;0
396;66;6;1;0;0;1.0641;1.6724;0
397;67;1;0;0;0;0.8324;-0.7177;1
398;67;2;1;0;0;0.8324;-0.7177;1
399;67;3;1;0;0;0.8324;-0.7177;1
400;67;4;0;0;0;0.8324;-0.7177;1
401;67;5;1;0;0;0.8324;-0.7177;1
402;67;6;0;0;0;0.8324;-0.7177;1
403;68;1;0;0;0;-0.683;1.4502;0
404;68;2;0;0;0;-0.683;1.4502;0
405;68;3;0;0;0;-0.683;1.4502;0
406;68;4;0;0;0;-0.683;1.4502;0
407;68;5;0;0;0;-0.683;1.4502;0
408;68;6;0;0;0;-0.683;1.4502;0
409;69;1;0;0;0;0.398;0.2;0
410;69;2;0;0;0;0.398;0.2;0
411;69;3;0;0;0;0.398;0.2;0
412;69;4;0;0;0;0.398;0.2;0
413;69;5;1;0;0;0.398;0.2;0
414;69;6;0;0;0;0.398;0.2;0
415;70;1;0;0;0;-0.1116;0.819;1
416;70;2;0;0;0;-0.1116;0.819;1
417;70;3;0;0;0;-0.1116;0.819;1
418;70;4;0;0;0;-0.1116;0.819;1
419;70;5;1;0;0;-0.1116;0.819;1
420;70;6;1;0;0;-0.1116;0.819;1
421;71;1;0;0;0;-0.5785;-0.575;1
422;71;2;0;0;0;-0.5785;-0.575;1
423;71;3;0;0;0;-0.5785;-0.575;1
424;71;4;1;0;0;-0.5785;-0.575;1
425;71;5;0;0;0;-0.5785;-0.575;1
426;71;6;0;0;0;-0.5785;-0.575;1
427;72;1;0;0;0;-0.0033;-1.0922;1
428;72;2;0;0;0;-0.0033;-1.0922;1
429;72;3;0;0;0;-0.0033;-1.0922;1
430;72;4;0;0;0;-0.0033;-1.0922;1
431;72;5;0;0;0;-0.0033;-1.0922;1
432;72;6;0;0;0;-0.0033;-1.0922;1
433;73;1;0;0;0;-0.1645;0.8941;0
434;73;2;0;0;0;-0.1645;0.8941;0
435;73;3;0;0;0;-0.1645;0.8941;0
436;73;4;1;0;0;-0.1645;0.8941;0
437;73;5;1;0;0;-0.1645;0.8941;0
438;73;6;1;0;0;-0.1645;0.8941;0
439;74;1;0;0;0;1.0766;2.2801;1
440;74;2;0;0;0;1.0766;2.2801;1
441;74;3;0;0;0;1.0766;2.2801;1
442;74;4;1;0;0;1.0766;2.2801;1
443;74;5;0;0;0;1.0766;2.2801;1
444;74;6;1;0;0;1.0766;2.2801;1
445;75;1;1;0;0;0.2823;1.144;0
446;75;2;0;0;0;0.2823;1.144;0
447;75;3;0;0;0;0.2823;1.144;0
448;75;4;0;0;0;0.2823;1.144;0
449;75;5;0;0;0;0.2823;1.144;0
450;75;6;0;0;0;0.2823;1.144;0
451;76;1;1;0;0;0.8758;1.5699;1
452;76;2;1;0;0;0.8758;1.5699;1
453;76;3;0;0;0;0.8758;1.5699;1
454;76;4;1;0;0;0.8758;1.5699;1
455;76;5;1;0;0;0.8758;1.5699;1
456;76;6;0;0;0;0.8758;1.5699;1
457;77;1;0;0;0;-0.7019;-0.4417;0
458;77;2;0;0;0;-0.7019;-0.4417;0
459;77;3;0;0;0;-0.7019;-0.4417;0
460;77;4;0;0;0;-0.7019;-0.4417;0
461;77;5;0;0;0;-0.7019;-0.4417;0
462;77;6;0;0;0;-0.7019;-0.4417;0
463;78;1;1;0;0;0.8927;2.0228;1
464;78;2;0;0;0;0.8927;2.0228;1
465;78;3;0;0;0;0.8927;2.0228;1
466;78;4;0;0;0;0.8927;2.0228;1
467;78;5;0;0;0;0.8927;2.0228;1
468;78;6;0;0;0;0.8927;2.0228;1
469;79;1;0;0;0;0.7236;0.8444;0
470;79;2;0;0;0;0.7236;0.8444;0
471;79;3;0;0;0;0.7236;0.8444;0
472;79;4;1;0;0;0.7236;0.8444;0
473;79;5;0;0;0;0.7236;0.8444;0
474;79;6;1;0;0;0.7236;0.8444;0
475;80;1;0;0;0;-0.5014;-0.5971;0
476;80;2;0;0;0;-0.5014;-0.5971;0
477;80;3;1;0;0;-0.5014;-0.5971;0
478;80;4;1;0;0;-0.5014;-0.5971;0
479;80;5;1;0;0;-0.5014;-0.5971;0
480;80;6;0;0;0;-0.5014;-0.5971;0
481;81;1;1;0;0;0.1508;0.6828;0
482;81;2;0;0;0;0.1508;0.6828;0
483;81;3;0;0;0;0.1508;0.6828;0
484;81;4;1;0;0;0.1508;0.6828;0
485;81;5;1;0;0;0.1508;0.6828;0
486;81;6;1;0;0;0.1508;0.6828;0
487;82;1;0;0;0;-0.5342;-1.2591;1
488;82;2;0;0;0;-0.5342;-1.2591;1
489;82;3;1;0;0;-0.5342;-1.2591;1
490;82;4;0;0;0;-0.5342;-1.2591;1
491;82;5;0;0;0;-0.5342;-1.2591;1
492;82;6;0;0;0;-0.5342;-1.2591;1
493;83;1;0;0;0;0.4135;1.7204;1
494;83;2;0;0;0;0.4135;1.7204;1
495;83;3;1;0;0;0.4135;1.7204;1
496;83;4;0;0;0;0.4135;1.7204;1
497;83;5;0;0;0;0.4135;1.7204;1
498;83;6;1;0;0;0.4135;1.7204;1
499;84;1;0;0;0;-0.9235;-1.355;0
500;84;2;0;0;0;-0.9235;-1.355;0
501;84;3;0;0;0;-0.9235;-1.355;0
502;84;4;1;0;0;-0.9235;-1.355;0
503;84;5;0;0;0;-0.9235;-1.355;0
504;84;6;0;0;0;-0.9235;-1.355;0
505;85;1;0;0;0;0.175;-0.9101;0
506;85;2;1;0;0;0.175;-0.9101;0
507;85;3;0;0;0;0.175;-0.9101;0
508;85;4;0;0;0;0.175;-0.9101;0
509;85;5;0;0;0;0.175;-0.9101;0
510;85;6;0;0;0;0.175;-0.9101;0
511;86;1;0;0;0;-0.8126;-0.829;0
512;86;2;0;0;0;-0.8126;-0.829;0
513;86;3;0;0;0;-0.8126;-0.829;0
514;86;4;0;0;0;-0.8126;-0.829;0
515;86;5;0;0;0;-0.8126;-0.829;0
516;86;6;0;0;0;-0.8126;-0.829;0
517;87;1;1;0;0;0.2464;0.988;0
518;87;2;0;0;0;0.2464;0.988;0
519;87;3;1;0;0;0.2464;0.988;0
520;87;4;0;0;0;0.2464;0.988;0
521;87;5;0;0;0;0.2464;0.988;0
522;87;6;0;0;0;0.2464;0.988;0
523;88;1;1;0;0;0.8564;-0.4756;0
524;88;2;1;0;0;0.8564;-0.4756;0
525;88;3;1;0;0;0.8564;-0.4756;0
526;88;4;0;0;0;0.8564;-0.4756;0
527;88;5;1;0;0;0.8564;-0.4756;0
528;88;6;0;0;0;0.8564;-0.4756;0
529;89;1;0;0;0;0.2981;1.1807;1
530;89;2;0;0;0;0.2981;1.1807;1
531;89;3;0;0;0;0.2981;1.1807;1
532;89;4;1;0;0;0.2981;1.1807;1
533;89;5;0;0;0;0.2981;1.1807;1
534;89;6;1;0;0;0.2981;1.1807;1
535;90;1;0;0;0;-0.2193;-0.2367;0
536;90;2;0;0;0;-0.2193;-0.2367;0
537;90;3;1;0;0;-0.2193;-0.2367;0
538;90;4;1;0;0;-0.2193;-0.2367;0
539;90;5;0;0;0;-0.2193;-0.2367;0
540;90;6;0;0;0;-0.2193;-0.2367;0
541;91;1;0;0;0;-0.1055;1.2748;1
542;91;2;0;0;0;-0.1055;1.2748;1
543;91;3;0;0;0;-0.1055;1.2748;1
544;91;4;1;0;0;-0.1055;1.2748;1
545;91;5;0;0;0;-0.1055;1.2748;1
546;91;6;0;0;0;-0.1055;1.2748;1
547;92;1;1;0;0;0.3279;1.372;0
548;92;2;0;0;0;0.3279;1.372;0
549;92;3;1;0;0;0.3279;1.372;0
550;92;4;0;0;0;0.3279;1.372;0
551;92;5;0;0;0;0.3279;1.372;0
552;92;6;1;0;0;0.3279;1.372;0
553;93;1;0;0;0;-0.9696;-1.1572;1
554;93;2;1;0;0;-0.9696;-1.1572;1
555;93;3;1;0;0;-0.9696;-1.1572;1
556;93;4;1;0;0;-0.9696;-1.1572;1
557;93;5;0;0;0;-0.9696;-1.1572;1
558;93;6;0;0;0;-0.9696;-1.1572;1
559;94;1;1;0;0;-0.2484;-1.7547;0
560;94;2;0;0;0;-0.2484;-1.7547;0
561;94;3;0;0;0;-0.2484;-1.7547;0
562;94;4;1;0;0;-0.2484;-1.7547;0
563;94;5;0;0;0;-0.2484;-1.7547;0
564;94;6;0;0;0;-0.2484;-1.7547;0
565;95;1;0;0;0;-0.0761;-0.7236;0
566;95;2;1;0;0;-0.0761;-0.7236;0
567;95;3;1;0;0;-0.0761;-0.7236;0
568;95;4;0;0;0;-0.0761;-0.7236;0
569;95;5;1;0;0;-0.0761;-0.7236;0
570;95;6;0;0;0;-0.0761;-0.7236;0
571;96;1;0;0;0;0.6932;1.0666;1
572;96;2;0;0;0;0.6932;1.0666;1
573;96;3;0;0;0;0.6932;1.0666;1
574;96;4;1;0;0;0.6932;1.0666;1
575;96;5;0;0;0;0.6932;1.0666;1
576;96;6;1;0;0;0.6932;1.0666;1
577;97;1;1;0;0;0.393;-0.6731;0
578;97;2;1;0;0;0.393;-0.6731;0
579;97;3;0;0;0;0.393;-0.6731;0
580;97;4;1;0;0;0.393;-0.6731;0
581;97;5;0;0;0;0.393;-0.6731;0
582;97;6;0;0;0;0.393;-0.6731;0
583;98;1;0;0;0;-0.6577;0.722;0
584;98;2;1;0;0;-0.6577;0.722;0
585;98;3;0;0;0;-0.6577;0.722;0
586;98;4;0;0;0;-0.6577;0.722;0
587;98;5;0;0;0;-0.6577;0.722;0
588;98;6;0;0;0;-0.6577;0.722;0
589;99;1;1;0;0;0.3244;0.8354;0
590;99;2;1;0;0;0.3244;0.8354;0
591;99;3;1;0;0;0.3244;0.8354;0
592;99;4;0;0;0;0.3244;0.8354;0
593;99;5;1;0;0;0.3244;0.8354;0
594;99;6;0;0;0;0.3244;0.8354;0
595;100;1;0;0;0;-0.6012;0.5088;0
596;100;2;0;0;0;-0.6012;0.5088;0
597;100;3;0;0;0;-0.6012;0.5088;0
598;100;4;1;0;0;-0.6012;0.5088;0
599;100;5;0;0;0;-0.6012;0.5088;0
600;100;6;1;0;0;-0.6012;0.5088;0
601;101;1;1;0;0;-0.08;-0.009;0
602;101;2;0;0;0;-0.08;-0.009;0
603;101;3;0;0;0;-0.08;-0.009;0
604;101;4;0;0;0;-0.08;-0.009;0
605;101;5;1;0;0;-0.08;-0.009;0
606;101;6;1;0;0;-0.08;-0.009;0
607;102;1;0;0;0;0.4375;-0.9419;0
608;102;2;1;0;0;0.4375;-0.9419;0
609;102;3;0;0;0;0.4375;-0.9419;0
610;102;4;0;0;0;0.4375;-0.9419;0
611;102;5;1;0;0;0.4375;-0.9419;0
612;102;6;0;0;0;0.4375;-0.9419;0
613;103;1;0;0;0;0.0427;0.7906;1
614;103;2;0;0;0;0.0427;0.7906;1
615;103;3;0;0;0;0.0427;0.7906;1
616;103;4;0;0;0;0.0427;0.7906;1
617;103;5;1;0;0;0.0427;0.7906;1
618;103;6;1;0;0;0.0427;0.7906;1
619;104;1;1;0;0;1.7249;1.0015;0
620;104;2;1;0;0;1.7249;1.0015;0
621;104;3;1;0;0;1.7249;1.0015;0
622;104;4;0;0;0;1.7249;1.0015;0
623;104;5;1;0;0;1.7249;1.0015;0
624;104;6;0;0;0;1.7249;1.0015;0
625;105;1;0;0;0;0.5854;1.4322;0
626;105;2;1;0;0;0.5854;1.4322;0
627;105;3;0;0;0;0.5854;1.4322;0
628;105;4;1;0;0;0.5854;1.4322;0
629;105;5;1;0;0;0.5854;1.4322;0
630;105;6;0;0;0;0.5854;1.4322;0
631;106;1;0;0;0;0.8283;1.1065;1
632;106;2;1;0;0;0.8283;1.1065;1
633;106;3;1;0;0;0.8283;1.1065;1
634;106;4;0;0;0;0.8283;1.1065;1
635;106;5;0;0;0;0.8283;1.1065;1
636;106;6;1;0;0;0.8283;1.1065;1
637;107;1;0;0;0;0.1727;-0.657;0
638;107;2;0;0;0;0.1727;-0.657;0
639;107;3;0;0;0;0.1727;-0.657;0
640;107;4;0;0;0;0.1727;-0.657;0
641;107;5;1;0;0;0.1727;-0.657;0
642;107;6;0;0;0;0.1727;-0.657;0
643;108;1;0;0;0;-1.2159;-1.1884;1
644;108;2;0;0;0;-1.2159;-1.1884;1
645;108;3;1;0;0;-1.2159;-1.1884;1
646;108;4;1;0;0;-1.2159;-1.1884;1
647;108;5;0;0;0;-1.2159;-1.1884;1
648;108;6;0;0;0;-1.2159;-1.1884;1
649;109;1;0;0;0;0.175;-2.0604;1
650;109;2;0;0;0;0.175;-2.0604;1
651;109;3;0;0;0;0.175;-2.0604;1
652;109;4;0;0;0;0.175;-2.0604;1
653;109;5;1;0;0;0.175;-2.0604;1
654;109;6;0;0;0;0.175;-2.0604;1
655;110;1;1;0;0;-0.008;-0.553;1
656;110;2;0;0;0;-0.008;-0.553;1
657;110;3;1;0;0;-0.008;-0.553;1
658;110;4;0;0;0;-0.008;-0.553;1
659;110;5;0;0;0;-0.008;-0.553;1
660;110;6;0;0;0;-0.008;-0.553;1
661;111;1;0;0;0;0.0023;-1.5624;0
662;111;2;0;0;0;0.0023;-1.5624;0
663;111;3;0;0;0;0.0023;-1.5624;0
664;111;4;1;0;0;0.0023;-1.5624;0
665;111;5;0;0;0;0.0023;-1.5624;0
666;111;6;0;0;0;0.0023;-1.5624;0
667;112;1;0;0;0;-0.0322;-0.8552;1
668;112;2;1;0;0;-0.0322;-0.8552;1
669;112;3;0;0;0;-0.0322;-0.8552;1
670;112;4;1;0;0;-0.0322;-0.8552;1
671;112;5;0;0;0;-0.0322;-0.8552;1
672;112;6;1;0;0;-0.0322;-0.8552;1
673;113;1;0;0;0;0.3905;0.9725;1
674;113;2;0;0;0;0.3905;0.9725;1
675;113;3;0;0;0;0.3905;0.9725;1
676;113;4;1;0;0;0.3905;0.9725;1
677;113;5;1;0;0;0.3905;0.9725;1
678;113;6;0;0;0;0.3905;0.9725;1
679;114;1;0;0;0;0.1177;-0.2119;0
680;114;2;1;0;0;0.1177;-0.2119;0
681;114;3;0;0;0;0.1177;-0.2119;0
682;114;4;0;0;0;0.1177;-0.2119;0
683;114;5;0;0;0;0.1177;-0.2119;0
684;114;6;1;0;0;0.1177;-0.2119;0
685;115;1;1;0;0;0.7045;1.4276;1
686;115;2;1;0;0;0.7045;1.4276;1
687;115;3;0;0;0;0.7045;1.4276;1
688;115;4;1;0;0;0.7045;1.4276;1
689;115;5;0;0;0;0.7045;1.4276;1
690;115;6;1;0;0;0.7045;1.4276;1
691;116;1;1;0;0;-0.0567;-0.2295;1
692;116;2;1;0;0;-0.0567;-0.2295;1
693;116;3;1;0;0;-0.0567;-0.2295;1
694;116;4;0;0;0;-0.0567;-0.2295;1
695;116;5;0;0;0;-0.0567;-0.2295;1
696;116;6;1;0;0;-0.0567;-0.2295;1
697;117;1;0;0;0;-0.4353;0.0344;0
698;117;2;0;0;0;-0.4353;0.0344;0
699;117;3;1;0;0;-0.4353;0.0344;0
700;117;4;0;0;0;-0.4353;0.0344;0
701;117;5;0;0;0;-0.4353;0.0344;0
702;117;6;0;0;0;-0.4353;0.0344;0
703;118;1;1;0;0;0.4463;-0.3311;1
704;118;2;0;0;0;0.4463;-0.3311;1
705;118;3;1;0;0;0.4463;-0.3311;1
706;118;4;0;0;0;0.4463;-0.3311;1
707;118;5;0;0;0;0.4463;-0.3311;1
708;118;6;1;0;0;0.4463;-0.3311;1
709;119;1;1;0;0;0.0456;-1.3636;1
710;119;2;0;0;0;0.0456;-1.3636;1
711;119;3;0;0;0;0.0456;-1.3636;1
712;119;4;1;0;0;0.0456;-1.3636;1
713;119;5;1;0;0;0.0456;-1.3636;1
714;119;6;0;0;0;0.0456;-1.3636;1
715;120;1;0;0;0;-0.0531;-0.4518;0
716;120;2;0;0;0;-0.0531;-0.4518;0
717;120;3;0;0;0;-0.0531;-0.4518;0
718;120;4;0;0;0;-0.0531;-0.4518;0
719;120;5;0;0;0;-0.0531;-0.4518;0
720;120;6;0;0;0;-0.0531;-0.4518;0
721;121;1;0;0;0;-0.4887;0.6997;0
722;121;2;1;0;0;-0.4887;0.6997;0
723;121;3;0;0;0;-0.4887;0.6997;0
724;121;4;1;0;0;-0.4887;0.6997;0
725;121;5;0;0;0;-0.4887;0.6997;0
726;121;6;0;0;0;-0.4887;0.6997;0
727;122;1;1;0;0;0.6438;1.0585;1
728;122;2;0;0;0;0.6438;1.0585;1
729;122;3;0;0;0;0.6438;1.0585;1
730;122;4;1;0;0;0.6438;1.0585;1
731;122;5;0;0;0;0.6438;1.0585;1
732;122;6;0;0;0;0.6438;1.0585;1
733;123;1;0;0;0;0.2308;0.1993;1
734;123;2;0;0;0;0.2308;0.1993;1
735;123;3;1;0;0;0.2308;0.1993;1
736;123;4;0;0;0;0.2308;0.1993;1
737;123;5;0;0;0;0.2308;0.1993;1
738;123;6;0;0;0;0.2308;0.1993;1
739;124;1;1;0;0;1.0734;0.7733;0
740;124;2;0;0;0;1.0734;0.7733;0
741;124;3;0;0;0;1.0734;0.7733;0
742;124;4;1;0;0;1.0734;0.7733;0
743;124;5;0;0;0;1.0734;0.7733;0
744;124;6;0;0;0;1.0734;0.7733;0
745;125;1;0;0;0;-0.0951;-0.222;0
746;125;2;0;0;0;-0.0951;-0.222;0
747;125;3;1;0;0;-0.0951;-0.222;0
748;125;4;0;0;0;-0.0951;-0.222;0
749;125;5;0;0;0;-0.0951;-0.222;0
750;125;6;0;0;0;-0.0951;-0.222;0
751;126;1;0;0;0;0.3604;0.2776;0
752;126;2;0;0;0;0.3604;0.2776;0
753;126;3;1;0;0;0.3604;0.2776;0
754;126;4;0;0;0;0.3604;0.2776;0
755;126;5;0;0;0;0.3604;0.2776;0
756;126;6;1;0;0;0.3604;0.2776;0
757;127;1;0;0;0;-0.9257;-1.4356;0
758;127;2;0;0;0;-0.9257;-1.4356;0
759;127;3;0;0;0;-0.9257;-1.4356;0
760;127;4;0;0;0;-0.9257;-1.4356;0
761;127;5;0;0;0;-0.9257;-1.4356;0
762;127;6;0;0;0;-0.9257;-1.4356;0
763;128;1;0;0;0;0.2544;-0.0779;0
764;128;2;0;0;0;0.2544;-0.0779;0
765;128;3;0;0;0;0.2544;-0.0779;0
766;128;4;0;0;0;0.2544;-0.0779;0
767;128;5;1;0;0;0.2544;-0.0779;0
768;128;6;0;0;0;0.2544;-0.0779;0
769;129;1;1;0;0;0.1176;-0.9667;1
770;129;2;0;0;0;0.1176;-0.9667;1
771;129;3;1;0;0;0.1176;-0.9667;1
772;129;4;1;0;0;0.1176;-0.9667;1
773;129;5;1;0;0;0.1176;-0.9667;1
774;129;6;0;0;0;0.1176;-0.9667;1
775;130;1;0;0;0;-1.0286;-1.2757;0
776;130;2;0;0;0;-1.0286;-1.2757;0
777;130;3;0;0;0;-1.0286;-1.2757;0
778;130;4;1;0;0;-1.0286;-1.2757;0
779;130;5;0;0;0;-1.0286;-1.2757;0
780;130;6;0;0;0;-1.0286;-1.2757;0
781;131;1;0;0;0;-0.6094;-0.177;1
782;131;2;0;0;0;-0.6094;-0.177;1
783;131;3;1;0;0;-0.6094;-0.177;1
784;131;4;0;0;0;-0.6094;-0.177;1
785;131;5;0;0;0;-0.6094;-0.177;1
786;131;6;0;0;0;-0.6094;-0.177;1
787;132;1;0;0;0;-0.5102;0.7714;0
788;132;2;0;0;0;-0.5102;0.7714;0
789;132;3;0;0;0;-0.5102;0.7714;0
790;132;4;1;0;0;-0.5102;0.7714;0
791;132;5;1;0;0;-0.5102;0.7714;0
792;132;6;0;0;0;-0.5102;0.7714;0
793;133;1;1;0;0;0.5283;0.1192;1
794;133;2;1;0;0;0.5283;0.1192;1
795;133;3;1;0;0;0.5283;0.1192;1
796;133;4;1;0;0;0.5283;0.1192;1
797;133;5;0;0;0;0.5283;0.1192;1
798;133;6;0;0;0;0.5283;0.1192;1
799;134;1;0;0;0;0.7212;-0.0957;1
800;134;2;1;0;0;0.7212;-0.0957;1
801;134;3;0;0;0;0.7212;-0.0957;1
802;134;4;0;0;0;0.7212;-0.0957;1
803;134;5;1;0;0;0.7212;-0.0957;1
804;134;6;1;0;0;0.7212;-0.0957;1
805;135;1;0;0;0;-0.6571;-0.8319;0
806;135;2;0;0;0;-0.6571;-0.8319;0
807;135;3;0;0;0;-0.6571;-0.8319;0
808;135;4;0;0;0;-0.6571;-0.8319;0
809;135;5;0;0;0;-0.6571;-0.8319;0
810;135;6;1;0;0;-0.6571;-0.8319;0
811;136;1;0;0;0;-0.1927;0.209;0
812;136;2;0;0;0;-0.1927;0.209;0
813;136;3;0;0;0;-0.1927;0.209;0
814;136;4;1;0;0;-0.1927;0.209;0
815;136;5;0;0;0;-0.1927;0.209;0
816;136;6;0;0;0;-0.1927;0.209;0
817;137;1;0;0;0;0.6038;0.1243;0
818;137;2;1;0;0;0.6038;0.1243;0
819;137;3;1;0;0;0.6038;0.1243;0
820;137;4;0;0;0;0.6038;0.1243;0
821;137;5;0;0;0;0.6038;0.1243;0
822;137;6;1;0;0;0.6038;0.1243;0
823;138;1;0;0;0;0.575;-0.2575;1
824;138;2;1;0;0;0.575;-0.2575;1
825;138;3;0;0;0;0.575;-0.2575;1
826;138;4;1;0;0;0.575;-0.2575;1
827;138;5;0;0;0;0.575;-0.2575;1
828;138;6;0;0;0;0.575;-0.2575;1
829;139;1;0;0;0;-0.6243;0.0205;1
830;139;2;0;0;0;-0.6243;0.0205;1
831;139;3;0;0;0;-0.6243;0.0205;1
832;139;4;0;0;0;-0.6243;0.0205;1
833;139;5;0;0;0;-0.6243;0.0205;1
834;139;6;0;0;0;-0.6243;0.0205;1
835;140;1;0;0;0;-0.5428;-1.3402;0
836;140;2;0;0;0;-0.5428;-1.3402;0
837;140;3;0;0;0;-0.5428;-1.3402;0
838;140;4;1;0;0;-0.5428;-1.3402;0
839;140;5;0;0;0;-0.5428;-1.3402;0
840;140;6;0;0;0;-0.5428;-1.3402;0
841;141;1;1;0;0;1.0336;0.9381;0
842;141;2;1;0;0;1.0336;0.9381;0
843;141;3;1;0;0;1.0336;0.9381;0
844;141;4;0;0;0;1.0336;0.9381;0
845;141;5;1;0;0;1.0336;0.9381;0
846;141;6;1;0;0;1.0336;0.9381;0
847;142;1;1;0;0;-0.4601;-0.8612;1
848;142;2;0;0;0;-0.4601;-0.8612;1
849;142;3;1;0;0;-0.4601;-0.8612;1
850;142;4;0;0;0;-0.4601;-0.8612;1
851;142;5;0;0;0;-0.4601;-0.8612;1
852;142;6;0;0;0;-0.4601;-0.8612;1
853;143;1;1;0;0;-1.1271;-2.3879;0
854;143;2;0;0;0;-1.1271;-2.3879;0
855;143;3;0;0;0;-1.1271;-2.3879;0
856;143;4;0;0;0;-1.1271;-2.3879;0
857;143;5;0;0;0;-1.1271;-2.3879;0
858;143;6;0;0;0;-1.1271;-2.3879;0
859;144;1;0;0;0;-1.5526;-3.0167;1
860;144;2;0;0;0;-1.5526;-3.0167;1
861;144;3;0;0;0;-1.5526;-3.0167;1
862;144;4;0;0;0;-1.5526;-3.0167;1
863;144;5;0;0;0;-1.5526;-3.0167;1
864;144;6;0;0;0;-1.5526;-3.0167;1
865;145;1;0;0;0;-0.0276;0.0408;1
866;145;2;1;0;0;-0.0276;0.0408;1
867;145;3;0;0;0;-0.0276;0.0408;1
868;145;4;0;0;0;-0.0276;0.0408;1
869;145;5;0;0;0;-0.0276;0.0408;1
870;145;6;0;0;0;-0.0276;0.0408;1
871;146;1;0;0;0;-0.4076;-0.2475;0
872;146;2;0;0;0;-0.4076;-0.2475;0
873;146;3;1;0;0;-0.4076;-0.2475;0
874;146;4;0;0;0;-0.4076;-0.2475;0
875;146;5;0;0;0;-0.4076;-0.2475;0
876;146;6;0;0;0;-0.4076;-0.2475;0
877;147;1;0;0;0;-0.2734;-1.2534;0
878;147;2;1;0;0;-0.2734;-1.2534;0
879;147;3;0;0;0;-0.2734;-1.2534;0
880;147;4;0;0;0;-0.2734;-1.2534;0
881;147;5;0;0;0;-0.2734;-1.2534;0
882;147;6;1;0;0;-0.2734;-1.2534;0
883;148;1;0;0;0;0.6464;0.7002;1
884;148;2;1;0;0;0.6464;0.7002;1
885;148;3;0;0;0;0.6464;0.7002;1
886;148;4;0;0;0;0.6464;0.7002;1
887;148;5;0;0;0;0.6464;0.7002;1
888;148;6;1;0;0;0.6464;0.7002;1
889;149;1;0;0;0;-0.0163;-0.2291;0
890;149;2;0;0;0;-0.0163;-0.2291;0
891;149;3;1;0;0;-0.0163;-0.2291;0
892;149;4;0;0;0;-0.0163;-0.2291;0
893;149;5;1;0;0;-0.0163;-0.2291;0
894;149;6;1;0;0;-0.0163;-0.2291;0
895;150;1;0;0;0;-0.006;-0.5897;1
896;150;2;0;0;0;-0.006;-0.5897;1
897;150;3;1;0;0;-0.006;-0.5897;1
898;150;4;1;0;0;-0.006;-0.5897;1
899;150;5;1;0;0;-0.006;-0.5897;1
900;150;6;0;0;0;-0.006;-0.5897;1
901;151;1;1;0;0;0.2906;-0.994;0
902;151;2;1;0;0;0.2906;-0.994;0
903;151;3;0;0;0;0.2906;-0.994;0
904;151;4;0;0;0;0.2906;-0.994;0
905;151;5;1;0;0;0.2906;-0.994;0
906;151;6;0;0;0;0.2906;-0.994;0
907;152;1;0;0;0;0.4742;2.623;0
908;152;2;1;0;0;0.4742;2.623;0
909;152;3;0;0;0;0.4742;2.623;0
910;152;4;0;0;0;0.4742;2.623;0
911;152;5;1;0;0;0.4742;2.623;0
912;152;6;1;0;0;0.4742;2.623;0
913;153;1;0;0;0;-0.5737;-0.8892;0
914;153;2;0;0;0;-0.5737;-0.8892;0
915;153;3;0;0;0;-0.5737;-0.8892;0
916;153;4;0;0;0;-0.5737;-0.8892;0
917;153;5;0;0;0;-0.5737;-0.8892;0
918;153;6;0;0;0;-0.5737;-0.8892;0
919;154;1;1;0;0;-0.7026;-1.6246;1
920;154;2;0;0;0;-0.7026;-1.6246;1
921;154;3;0;0;0;-0.7026;-1.6246;1
922;154;4;0;0;0;-0.7026;-1.6246;1
923;154;5;0;0;0;-0.7026;-1.6246;1
924;154;6;1;0;0;-0.7026;-1.6246;1
925;155;1;0;0;0;0.6299;-0.2456;1
926;155;2;0;0;0;0.6299;-0.2456;1
927;155;3;1;0;0;0.6299;-0.2456;1
928;155;4;1;0;0;0.6299;-0.2456;1
929;155;5;0;0;0;0.6299;-0.2456;1
930;155;6;0;0;0;0.6299;-0.2456;1
931;156;1;0;0;0;0.2089;-1.0574;0
932;156;2;1;0;0;0.2089;-1.0574;0
933;156;3;0;0;0;0.2089;-1.0574;0
934;156;4;0;0;0;0.2089;-1.0574;0
935;156;5;1;0;0;0.2089;-1.0574;0
936;156;6;0;0;0;0.2089;-1.0574;0
937;157;1;0;0;0;-0.3655;-1.3809;1
938;157;2;0;0;0;-0.3655;-1.3809;1
939;157;3;0;0;0;-0.3655;-1.3809;1
940;157;4;1;0;0;-0.3655;-1.3809;1
941;157;5;1;0;0;-0.3655;-1.3809;1
942;157;6;0;0;0;-0.3655;-1.3809;1
943;158;1;0;0;0;-0.337;-0.0225;1
944;158;2;0;0;0;-0.337;-0.0225;1
945;158;3;0;0;0;-0.337;-0.0225;1
946;158;4;0;0;0;-0.337;-0.0225;1
947;158;5;0;0;0;-0.337;-0.0225;1
948;158;6;0;0;0;-0.337;-0.0225;1
949;159;1;0;0;0;0.0877;0.4867;1
950;159;2;0;0;0;0.0877;0.4867;1
951;159;3;0;0;0;0.0877;0.4867;1
952;159;4;0;0;0;0.0877;0.4867;1
953;159;5;0;0;0;0.0877;0.4867;1
954;159;6;1;0;0;0.0877;0.4867;1
955;160;1;0;0;0;0.0217;0.9615;1
956;160;2;1;0;0;0.0217;0.9615;1
957;160;3;1;0;0;0.0217;0.9615;1
958;160;4;0;0;0;0.0217;0.9615;1
959;160;5;0;0;0;0.0217;0.9615;1
960;160;6;1;0;0;0.0217;0.9615;1
961;161;1;0;0;0;0.6005;0.8486;1
962;161;2;1;0;0;0.6005;0.8486;1
963;161;3;1;0;0;0.6005;0.8486;1
964;161;4;1;0;0;0.6005;0.8486;1
965;161;5;1;0;0;0.6005;0.8486;1
966;161;6;1;0;0;0.6005;0.8486;1
967;162;1;1;0;0;0.1898;0.4653;0
968;162;2;0;0;0;0.1898;0.4653;0
969;162;3;0;0;0;0.1898;0.4653;0
970;162;4;0;0;0;0.1898;0.4653;0
971;162;5;1;0;0;0.1898;0.4653;0
972;162;6;0;0;0;0.1898;0.4653;0
973;163;1;1;0;0;-0.1498;-1.1878;0
974;163;2;0;0;0;-0.1498;-1.1878;0
975;163;3;0;0;0;-0.1498;-1.1878;0
976;163;4;1;0;0;-0.1498;-1.1878;0
977;163;5;0;0;0;-0.1498;-1.1878;0
978;163;6;0;0;0;-0.1498;-1.1878;0
979;164;1;1;0;0;0.5741;1.2299;0
980;164;2;0;0;0;0.5741;1.2299;0
981;164;3;1;0;0;0.5741;1.2299;0
982;164;4;1;0;0;0.5741;1.2299;0
983;164;5;0;0;0;0.5741;1.2299;0
984;164;6;0;0;0;0.5741;1.2299;0
985;165;1;0;0;0;0.8386;0.6823;1
986;165;2;1;0;0;0.8386;0.6823;1
987;165;3;1;0;0;0.8386;0.6823;1
988;165;4;1;0;0;0.8386;0.6823;1
989;165;5;0;0;0;0.8386;0.6823;1
990;165;6;1;0;0;0.8386;0.6823;1
991;166;1;1;0;0;0.9721;0.7708;1
992;166;2;0;0;0;0.9721;0.7708;1
993;166;3;0;0;0;0.9721;0.7708;1
994;166;4;0;0;0;0.9721;0.7708;1
995;166;5;0;0;0;0.9721;0.7708;1
996;166;6;0;0;0;0.9721;0.7708;1
997;167;1;1;0;0;1.4782;1.3329;0
998;167;2;1;0;0;1.4782;1.3329;0
999;167;3;1;0;0;1.4782;1.3329;0
1000;167;4;1;0;0;1.4782;1.3329;0
1001;167;5;1;0;0;1.4782;1.3329;0
1002;167;6;1;0;0;1.4782;1.3329;0
1003;168;1;0;0;0;-0.087;-1.1525;0
1004;168;2;0;0;0;-0.087;-1.1525;0
1005;168;3;1;0;0;-0.087;-1.1525;0
1006;168;4;1;0;0;-0.087;-1.1525;0
1007;168;5;1;0;0;-0.087;-1.1525;0
1008;168;6;1;0;0;-0.087;-1.1525;0
1009;169;1;1;0;0;-0.6543;-1.0029;0
1010;169;2;0;0;0;-0.6543;-1.0029;0
1011;169;3;0;0;0;-0.6543;-1.0029;0
1012;169;4;1;0;0;-0.6543;-1.0029;0
1013;169;5;0;0;0;-0.6543;-1.0029;0
1014;169;6;0;0;0;-0.6543;-1.0029;0
1015;170;1;0;0;0;-0.0923;-0.2888;1
1016;170;2;0;0;0;-0.0923;-0.2888;1
1017;170;3;0;0;0;-0.0923;-0.2888;1
1018;170;4;1;0;0;-0.0923;-0.2888;1
1019;170;5;1;0;0;-0.0923;-0.2888;1
1020;170;6;0;0;0;-0.0923;-0.2888;1
1021;171;1;0;0;0;0.0259;0.3358;1
1022;171;2;1;0;0;0.0259;0.3358;1
1023;171;3;0;0;0;0.0259;0.3358;1
1024;171;4;0;0;0;0.0259;0.3358;1
1025;171;5;0;0;0;0.0259;0.3358;1
1026;171;6;1;0;0;0.0259;0.3358;1
1027;172;1;1;0;0;1.5497;0.7386;0
1028;172;2;1;0;0;1.5497;0.7386;0
1029;172;3;1;0;0;1.5497;0.7386;0
1030;172;4;1;0;0;1.5497;0.7386;0
1031;172;5;1;0;0;1.5497;0.7386;0
1032;172;6;1;0;0;1.5497;0.7386;0
1033;173;1;0;0;0;-0.4206;-0.295;0
1034;173;2;0;0;0;-0.4206;-0.295;0
1035;173;3;0;0;0;-0.4206;-0.295;0
1036;173;4;0;0;0;-0.4206;-0.295;0
1037;173;5;0;0;0;-0.4206;-0.295;0
1038;173;6;0;0;0;-0.4206;-0.295;0
1039;174;1;0;0;0;-0.4858;-0.2536;0
1040;174;2;0;0;0;-0.4858;-0.2536;0
1041;174;3;1;0;0;-0.4858;-0.2536;0
1042;174;4;1;0;0;-0.4858;-0.2536;0
1043;174;5;0;0;0;-0.4858;-0.2536;0
1044;174;6;0;0;0;-0.4858;-0.2536;0
1045;175;1;1;0;0;1.1471;1.4527;1
1046;175;2;0;0;0;1.1471;1.4527;1
1047;175;3;1;0;0;1.1471;1.4527;1
1048;175;4;1;0;0;1.1471;1.4527;1
1049;175;5;0;0;0;1.1471;1.4527;1
1050;175;6;1;0;0;1.1471;1.4527;1
1051;176;1;1;0;0;1.176;2.2405;0
1052;176;2;0;0;0;1.176;2.2405;0
1053;176;3;0;0;0;1.176;2.2405;0
1054;176;4;1;0;0;1.176;2.2405;0
1055;176;5;1;0;0;1.176;2.2405;0
1056;176;6;1;0;0;1.176;2.2405;0
1057;177;1;0;0;0;-0.4405;0.3333;1
1058;177;2;0;0;0;-0.4405;0.3333;1
1059;177;3;0;0;0;-0.4405;0.3333;1
1060;177;4;1;0;0;-0.4405;0.3333;1
1061;177;5;0;0;0;-0.4405;0.3333;1
1062;177;6;0;0;0;-0.4405;0.3333;1
1063;178;1;1;0;0;0.591;1.2532;0
1064;178;2;0;0;0;0.591;1.2532;0
1065;178;3;0;0;0;0.591;1.2532;0
1066;178;4;0;0;0;0.591;1.2532;0
1067;178;5;1;0;0;0.591;1.2532;0
1068;178;6;1;0;0;0.591;1.2532;0
1069;179;1;0;0;0;-0.0324;0.341;1
1070;179;2;0;0;0;-0.0324;0.341;1
1071;179;3;0;0;0;-0.0324;0.341;1
1072;179;4;0;0;0;-0.0324;0.341;1
1073;179;5;1;0;0;-0.0324;0.341;1
1074;179;6;0;0;0;-0.0324;0.341;1
1075;180;1;1;0;0;0.4068;0.8675;0
1076;180;2;0;0;0;0.4068;0.8675;0
1077;180;3;0;0;0;0.4068;0.8675;0
1078;180;4;0;0;0;0.4068;0.8675;0
1079;180;5;0;0;0;0.4068;0.8675;0
1080;180;6;0;0;0;0.4068;0.8675;0
1081;181;1;0;0;0;0.4499;2.1275;1
1082;181;2;1;0;0;0.4499;2.1275;1
1083;181;3;1;0;0;0.4499;2.1275;1
1084;181;4;1;0;0;0.4499;2.1275;1
1085;181;5;0;0;0;0.4499;2.1275;1
1086;181;6;0;0;0;0.4499;2.1275;1
1087;182;1;0;0;0;0.0077;-1.263;1
1088;182;2;1;0;0;0.0077;-1.263;1
1089;182;3;1;0;0;0.0077;-1.263;1
1090;182;4;0;0;0;0.0077;-1.263;1
1091;182;5;0;0;0;0.0077;-1.263;1
1092;182;6;0;0;0;0.0077;-1.263;1
1093;183;1;0;0;0;-0.5039;0.8224;1
1094;183;2;0;0;0;-0.5039;0.8224;1
1095;183;3;1;0;0;-0.5039;0.8224;1
1096;183;4;0;0;0;-0.5039;0.8224;1
1097;183;5;0;0;0;-0.5039;0.8224;1
1098;183;6;0;0;0;-0.5039;0.8224;1
1099;184;1;0;0;0;0.0767;1.5375;1
1100;184;2;1;0;0;0.0767;1.5375;1
1101;184;3;0;0;0;0.0767;1.5375;1
1102;184;4;0;0;0;0.0767;1.5375;1
1103;184;5;1;0;0;0.0767;1.5375;1
1104;184;6;1;0;0;0.0767;1.5375;1
1105;185;1;0;0;0;-0.1102;-1.4187;0
1106;185;2;1;0;0;-0.1102;-1.4187;0
1107;185;3;0;0;0;-0.1102;-1.4187;0
1108;185;4;1;0;0;-0.1102;-1.4187;0
1109;185;5;0;0;0;-0.1102;-1.4187;0
1110;185;6;0;0;0;-0.1102;-1.4187;0
1111;186;1;0;0;0;-0.2097;-1.2801;1
1112;186;2;0;0;0;-0.2097;-1.2801;1
1113;186;3;0;0;0;-0.2097;-1.2801;1
1114;186;4;1;0;0;-0.2097;-1.2801;1
1115;186;5;0;0;0;-0.2097;-1.2801;1
1116;186;6;0;0;0;-0.2097;-1.2801;1
1117;187;1;1;0;0;-0.2616;-0.7063;1
1118;187;2;0;0;0;-0.2616;-0.7063;1
1119;187;3;0;0;0;-0.2616;-0.7063;1
1120;187;4;0;0;0;-0.2616;-0.7063;1
1121;187;5;1;0;0;-0.2616;-0.7063;1
1122;187;6;0;0;0;-0.2616;-0.7063;1
1123;188;1;0;0;0;-1.7728;-2.157;0
1124;188;2;0;0;0;-1.7728;-2.157;0
1125;188;3;0;0;0;-1.7728;-2.157;0
1126;188;4;0;0;0;-1.7728;-2.157;0
1127;188;5;0;0;0;-1.7728;-2.157;0
1128;188;6;0;0;0;-1.7728;-2.157;0
1129;189;1;0;0;0;-0.0459;-0.367;1
1130;189;2;1;0;0;-0.0459;-0.367;1
1131;189;3;1;0;0;-0.0459;-0.367;1
1132;189;4;0;0;0;-0.0459;-0.367;1
1133;189;5;0;0;0;-0.0459;-0.367;1
1134;189;6;1;0;0;-0.0459;-0.367;1
1135;190;1;0;0;0;-0.1677;-1.4334;1
1136;190;2;1;0;0;-0.1677;-1.4334;1
1137;190;3;0;0;0;-0.1677;-1.4334;1
1138;190;4;1;0;0;-0.1677;-1.4334;1
1139;190;5;0;0;0;-0.1677;-1.4334;1
1140;190;6;1;0;0;-0.1677;-1.4334;1
1141;191;1;0;0;0;-0.1877;-1.7754;0
1142;191;2;0;0;0;-0.1877;-1.7754;0
1143;191;3;0;0;0;-0.1877;-1.7754;0
1144;191;4;0;0;0;-0.1877;-1.7754;0
1145;191;5;0;0;0;-0.1877;-1.7754;0
1146;191;6;0;0;0;-0.1877;-1.7754;0
1147;192;1;1;0;0;0.374;1.1833;0
1148;192;2;0;0;0;0.374;1.1833;0
1149;192;3;1;0;0;0.374;1.1833;0
1150;192;4;1;0;0;0.374;1.1833;0
1151;192;5;0;0;0;0.374;1.1833;0
1152;192;6;0;0;0;0.374;1.1833;0
1153;193;1;0;0;0;0.8949;0.957;0
1154;193;2;1;0;0;0.8949;0.957;0
1155;193;3;1;0;0;0.8949;0.957;0
1156;193;4;1;0;0;0.8949;0.957;0
1157;193;5;1;0;0;0.8949;0.957;0
1158;193;6;1;0;0;0.8949;0.957;0
1159;194;1;0;0;0;-0.8265;0.1767;0
1160;194;2;0;0;0;-0.8265;0.1767;0
1161;194;3;0;0;0;-0.8265;0.1767;0
1162;194;4;0;0;0;-0.8265;0.1767;0
1163;194;5;0;0;0;-0.8265;0.1767;0
1164;194;6;0;0;0;-0.8265;0.1767;0
1165;195;1;0;0;0;0.7144;-1.1418;1
1166;195;2;0;0;0;0.7144;-1.1418;1
1167;195;3;1;0;0;0.7144;-1.1418;1
1168;195;4;0;0;0;0.7144;-1.1418;1
1169;195;5;1;0;0;0.7144;-1.1418;1
1170;195;6;0;0;0;0.7144;-1.1418;1
1171;196;1;1;0;0;-0.7353;-0.9702;0
1172;196;2;0;0;0;-0.7353;-0.9702;0
1173;196;3;0;0;0;-0.7353;-0.9702;0
1174;196;4;0;0;0;-0.7353;-0.9702;0
1175;196;5;0;0;0;-0.7353;-0.9702;0
1176;196;6;0;0;0;-0.7353;-0.9702;0
1177;197;1;0;0;0;-0.4368;0.0769;1
1178;197;2;0;0;0;-0.4368;0.0769;1
1179;197;3;1;0;0;-0.4368;0.0769;1
1180;197;4;0;0;0;-0.4368;0.0769;1
1181;197;5;0;0;0;-0.4368;0.0769;1
1182;197;6;1;0;0;-0.4368;0.0769;1
1183;198;1;1;0;0;-0.1435;1.0804;1
1184;198;2;0;0;0;-0.1435;1.0804;1
1185;198;3;1;0;0;-0.1435;1.0804;1
1186;198;4;0;0;0;-0.1435;1.0804;1
1187;198;5;1;0;0;-0.1435;1.0804;1
1188;198;6;0;0;0;-0.1435;1.0804;1
1189;199;1;0;0;0;0.4536;1.5364;0
1190;199;2;0;0;0;0.4536;1.5364;0
1191;199;3;0;0;0;0.4536;1.5364;0
1192;199;4;0;0;0;0.4536;1.5364;0
1193;199;5;0;0;0;0.4536;1.5364;0
1194;199;6;0;0;0;0.4536;1.5364;0
1195;200;1;1;0;0;-0.0557;-1.2467;1
1196;200;2;1;0;0;-0.0557;-1.2467;1
1197;200;3;0;0;0;-0.0557;-1.2467;1
1198;200;4;0;0;0;-0.0557;-1.2467;1
1199;200;5;0;0;0;-0.0557;-1.2467;1
1200;200;6;0;0;0;-0.0557;-1.2467;1
1201;201;1;0;0;0;-0.5287;-1.2183;0
1202;201;2;1;0;0;-0.5287;-1.2183;0
1203;201;3;1;0;0;-0.5287;-1.2183;0
1204;201;4;0;0;0;-0.5287;-1.2183;0
1205;201;5;0;0;0;-0.5287;-1.2183;0
1206;201;6;0;0;0;-0.5287;-1.2183;0
1207;202;1;0;0;0;-0.8515;-0.8525;1
1208;202;2;0;0;0;-0.8515;-0.8525;1
1209;202;3;0;0;0;-0.8515;-0.8525;1
1210;202;4;1;0;0;-0.8515;-0.8525;1
1211;202;5;0;0;0;-0.8515;-0.8525;1
1212;202;6;1;0;0;-0.8515;-0.8525;1
1213;203;1;0;0;0;0.6879;1.7256;0
1214;203;2;0;0;0;0.6879;1.7256;0
1215;203;3;0;0;0;0.6879;1.7256;0
1216;203;4;0;0;0;0.6879;1.7256;0
1217;203;5;1;0;0;0.6879;1.7256;0
1218;203;6;0;0;0;0.6879;1.7256;0
1219;204;1;0;0;0;-0.2241;0.1292;0
1220;204;2;0;0;0;-0.2241;0.1292;0
1221;204;3;0;0;0;-0.2241;0.1292;0
1222;204;4;0;0;0;-0.2241;0.1292;0
1223;204;5;1;0;0;-0.2241;0.1292;0
1224;204;6;0;0;0;-0.2241;0.1292;0
1225;205;1;0;0;0;0.2637;-0.9455;1
1226;205;2;0;0;0;0.2637;-0.9455;1
1227;205;3;0;0;0;0.2637;-0.9455;1
1228;205;4;0;0;0;0.2637;-0.9455;1
1229;205;5;1;0;0;0.2637;-0.9455;1
1230;205;6;0;0;0;0.2637;-0.9455;1
1231;206;1;1;0;0;-0.6997;-0.7815;0
1232;206;2;0;0;0;-0.6997;-0.7815;0
1233;206;3;0;0;0;-0.6997;-0.7815;0
1234;206;4;0;0;0;-0.6997;-0.7815;0
1235;206;5;0;0;0;-0.6997;-0.7815;0
1236;206;6;1;0;0;-0.6997;-0.7815;0
1237;207;1;0;0;0;-1.0908;-0.474;1
1238;207;2;0;0;0;-1.0908;-0.474;1
1239;207;3;0;0;0;-1.0908;-0.474;1
1240;207;4;0;0;0;-1.0908;-0.474;1
1241;207;5;0;0;0;-1.0908;-0.474;1
1242;207;6;0;0;0;-1.0908;-0.474;1
1243;208;1;1;0;0;0.305;-0.5916;1
1244;208;2;0;0;0;0.305;-0.5916;1
1245;208;3;1;0;0;0.305;-0.5916;1
1246;208;4;1;0;0;0.305;-0.5916;1
1247;208;5;0;0;0;0.305;-0.5916;1
1248;208;6;0;0;0;0.305;-0.5916;1
1249;209;1;0;0;0;0.3681;0.9747;0
1250;209;2;0;0;0;0.3681;0.9747;0
1251;209;3;1;0;0;0.3681;0.9747;0
1252;209;4;0;0;0;0.3681;0.9747;0
1253;209;5;1;0;0;0.3681;0.9747;0
1254;209;6;0;0;0;0.3681;0.9747;0
1255;210;1;0;0;0;0.1407;0.708;0
1256;210;2;0;0;0;0.1407;0.708;0
1257;210;3;1;0;0;0.1407;0.708;0
1258;210;4;1;0;0;0.1407;0.708;0
1259;210;5;0;0;0;0.1407;0.708;0
1260;210;6;0;0;0;0.1407;0.708;0
1261;211;1;0;0;0;0.0293;-1.1243;0
1262;211;2;0;0;0;0.0293;-1.1243;0
1263;211;3;0;0;0;0.0293;-1.1243;0
1264;211;4;0;0;0;0.0293;-1.1243;0
1265;211;5;0;0;0;0.0293;-1.1243;0
1266;211;6;0;0;0;0.0293;-1.1243;0
1267;212;1;1;0;0;-0.152;-0.1177;0
1268;212;2;0;0;0;-0.152;-0.1177;0
1269;212;3;0;0;0;-0.152;-0.1177;0
1270;212;4;0;0;0;-0.152;-0.1177;0
1271;212;5;0;0;0;-0.152;-0.1177;0
1272;212;6;1;0;0;-0.152;-0.1177;0
1273;213;1;0;0;0;-0.6736;-1.0079;1
1274;213;2;0;0;0;-0.6736;-1.0079;1
1275;213;3;0;0;0;-0.6736;-1.0079;1
1276;213;4;0;0;0;-0.6736;-1.0079;1
1277;213;5;0;0;0;-0.6736;-1.0079;1
1278;213;6;0;0;0;-0.6736;-1.0079;1
1279;214;1;1;0;0;0.9139;0.3424;1
1280;214;2;1;0;0;0.9139;0.3424;1
1281;214;3;1;0;0;0.9139;0.3424;1
1282;214;4;1;0;0;0.9139;0.3424;1
1283;214;5;0;0;0;0.9139;0.3424;1
1284;214;6;0;0;0;0.9139;0.3424;1
1285;215;1;0;0;0;-0.7885;-1.2247;1
1286;215;2;1;0;0;-0.7885;-1.2247;1
1287;215;3;0;0;0;-0.7885;-1.2247;1
1288;215;4;0;0;0;-0.7885;-1.2247;1
1289;215;5;0;0;0;-0.7885;-1.2247;1
1290;215;6;1;0;0;-0.7885;-1.2247;1
1291;216;1;0;0;0;-0.8965;-0.7398;0
1292;216;2;0;0;0;-0.8965;-0.7398;0
1293;216;3;0;0;0;-0.8965;-0.7398;0
1294;216;4;0;0;0;-0.8965;-0.7398;0
1295;216;5;1;0;0;-0.8965;-0.7398;0
1296;216;6;0;0;0;-0.8965;-0.7398;0
1297;217;1;0;0;0;0.0134;0.2187;0
1298;217;2;0;0;0;0.0134;0.2187;0
1299;217;3;1;0;0;0.0134;0.2187;0
1300;217;4;1;0;0;0.0134;0.2187;0
1301;217;5;0;0;0;0.0134;0.2187;0
1302;217;6;0;0;0;0.0134;0.2187;0
1303;218;1;1;0;0;-0.3803;-1.111;0
1304;218;2;0;0;0;-0.3803;-1.111;0
1305;218;3;1;0;0;-0.3803;-1.111;0
1306;218;4;0;0;0;-0.3803;-1.111;0
1307;218;5;0;0;0;-0.3803;-1.111;0
1308;218;6;1;0;0;-0.3803;-1.111;0
1309;219;1;0;0;0;-0.1138;0.1435;0
1310;219;2;0;0;0;-0.1138;0.1435;0
1311;219;3;1;0;0;-0.1138;0.1435;0
1312;219;4;1;0;0;-0.1138;0.1435;0
1313;219;5;0;0;0;-0.1138;0.1435;0
1314;219;6;1;0;0;-0.1138;0.1435;0
1315;220;1;0;0;0;-0.0372;0.2672;1
1316;220;2;1;0;0;-0.0372;0.2672;1
1317;220;3;1;0;0;-0.0372;0.2672;1
1318;220;4;0;0;0;-0.0372;0.2672;1
1319;220;5;0;0;0;-0.0372;0.2672;1
1320;220;6;1;0;0;-0.0372;0.2672;1
1321;221;1;0;0;0;0.6468;0.8971;1
1322;221;2;0;0;0;0.6468;0.8971;1
1323;221;3;0;0;0;0.6468;0.8971;1
1324;221;4;0;0;0;0.6468;0.8971;1
1325;221;5;1;0;0;0.6468;0.8971;1
1326;221;6;1;0;0;0.6468;0.8971;1
1327;222;1;1;0;0;-0.6379;-1.7727;0
1328;222;2;0;0;0;-0.6379;-1.7727;0
1329;222;3;0;0;0;-0.6379;-1.7727;0
1330;222;4;0;0;0;-0.6379;-1.7727;0
1331;222;5;0;0;0;-0.6379;-1.7727;0
1332;222;6;0;0;0;-0.6379;-1.7727;0
1333;223;1;0;0;0;-0.2164;-0.4948;1
1334;223;2;0;0;0;-0.2164;-0.4948;1
1335;223;3;0;0;0;-0.2164;-0.4948;1
1336;223;4;1;0;0;-0.2164;-0.4948;1
1337;223;5;1;0;0;-0.2164;-0.4948;1
1338;223;6;0;0;0;-0.2164;-0.4948;1
1339;224;1;0;0;0;-0.8123;-0.963;0
1340;224;2;0;0;0;-0.8123;-0.963;0
1341;224;3;0;0;0;-0.8123;-0.963;0
1342;224;4;1;0;0;-0.8123;-0.963;0
1343;224;5;0;0;0;-0.8123;-0.963;0
1344;224;6;0;0;0;-0.8123;-0.963;0
1345;225;1;0;0;0;0.5515;-0.1431;0
1346;225;2;0;0;0;0.5515;-0.1431;0
1347;225;3;1;0;0;0.5515;-0.1431;0
1348;225;4;1;0;0;0.5515;-0.1431;0
1349;225;5;1;0;0;0.5515;-0.1431;0
1350;225;6;0;0;0;0.5515;-0.1431;0
1351;226;1;0;0;0;-0.0489;-0.8579;0
1352;226;2;1;0;0;-0.0489;-0.8579;0
1353;226;3;0;0;0;-0.0489;-0.8579;0
1354;226;4;1;0;0;-0.0489;-0.8579;0
1355;226;5;1;0;0;-0.0489;-0.8579;0
1356;226;6;0;0;0;-0.0489;-0.8579;0
1357;227;1;0;0;0;0.3174;2.0842;1
1358;227;2;0;0;0;0.3174;2.0842;1
1359;227;3;0;0;0;0.3174;2.0842;1
1360;227;4;0;0;0;0.3174;2.0842;1
1361;227;5;1;0;0;0.3174;2.0842;1
1362;227;6;0;0;0;0.3174;2.0842;1
1363;228;1;0;0;0;-0.2733;-0.6572;1
1364;228;2;0;0;0;-0.2733;-0.6572;1
1365;228;3;0;0;0;-0.2733;-0.6572;1
1366;228;4;1;0;0;-0.2733;-0.6572;1
1367;228;5;0;0;0;-0.2733;-0.6572;1
1368;228;6;1;0;0;-0.2733;-0.6572;1
1369;229;1;0;0;0;-0.0247;0.4091;0
1370;229;2;0;0;0;-0.0247;0.4091;0
1371;229;3;1;0;0;-0.0247;0.4091;0
1372;229;4;1;0;0;-0.0247;0.4091;0
1373;229;5;0;0;0;-0.0247;0.4091;0
1374;229;6;1;0;0;-0.0247;0.4091;0
1375;230;1;0;0;0;-1.0895;-1.4054;0
1376;230;2;0;0;0;-1.0895;-1.4054;0
1377;230;3;0;0;0;-1.0895;-1.4054;0
1378;230;4;1;0;0;-1.0895;-1.4054;0
1379;230;5;0;0;0;-1.0895;-1.4054;0
1380;230;6;0;0;0;-1.0895;-1.4054;0
1381;231;1;0;0;0;0.7291;0.8933;1
1382;231;2;1;0;0;0.7291;0.8933;1
1383;231;3;0;0;0;0.7291;0.8933;1
1384;231;4;0;0;0;0.7291;0.8933;1
1385;231;5;1;0;0;0.7291;0.8933;1
1386;231;6;1;0;0;0.7291;0.8933;1
1387;232;1;0;0;0;-0.8037;-1.5959;0
1388;232;2;0;0;0;-0.8037;-1.5959;0
1389;232;3;1;0;0;-0.8037;-1.5959;0
1390;232;4;0;0;0;-0.8037;-1.5959;0
1391;232;5;1;0;0;-0.8037;-1.5959;0
1392;232;6;0;0;0;-0.8037;-1.5959;0
1393;233;1;0;0;0;-0.574;-0.091;0
1394;233;2;0;0;0;-0.574;-0.091;0
1395;233;3;0;0;0;-0.574;-0.091;0
1396;233;4;0;0;0;-0.574;-0.091;0
1397;233;5;1;0;0;-0.574;-0.091;0
1398;233;6;0;0;0;-0.574;-0.091;0
1399;234;1;1;0;0;0.2167;0.2803;0
1400;234;2;1;0;0;0.2167;0.2803;0
1401;234;3;1;0;0;0.2167;0.2803;0
1402;234;4;1;0;0;0.2167;0.2803;0
1403;234;5;0;0;0;0.2167;0.2803;0
1404;234;6;1;0;0;0.2167;0.2803;0
1405;235;1;0;0;0;-1.4565;-1.0971;1
1406;235;2;0;0;0;-1.4565;-1.0971;1
1407;235;3;0;0;0;-1.4565;-1.0971;1
1408;235;4;1;0;0;-1.4565;-1.0971;1
1409;235;5;0;0;0;-1.4565;-1.0971;1
1410;235;6;0;0;0;-1.4565;-1.0971;1
1411;236;1;0;0;0;-0.0114;0.5038;1
1412;236;2;0;0;0;-0.0114;0.5038;1
1413;236;3;0;0;0;-0.0114;0.5038;1
1414;236;4;0;0;0;-0.0114;0.5038;1
1415;236;5;1;0;0;-0.0114;0.5038;1
1416;236;6;0;0;0;-0.0114;0.5038;1
1417;237;1;0;0;0;-0.7284;-1.0061;0
1418;237;2;0;0;0;-0.7284;-1.0061;0
1419;237;3;0;0;0;-0.7284;-1.0061;0
1420;237;4;0;0;0;-0.7284;-1.0061;0
1421;237;5;0;0;0;-0.7284;-1.0061;0
1422;237;6;0;0;0;-0.7284;-1.0061;0
1423;238;1;1;0;0;-0.2839;-0.4099;0
1424;238;2;1;0;0;-0.2839;-0.4099;0
1425;238;3;0;0;0;-0.2839;-0.4099;0
1426;238;4;1;0;0;-0.2839;-0.4099;0
1427;238;5;0;0;0;-0.2839;-0.4099;0
1428;238;6;0;0;0;-0.2839;-0.4099;0
1429;239;1;0;0;0;0.4496;0.3086;1
1430;239;2;0;0;0;0.4496;0.3086;1
1431;239;3;0;0;0;0.4496;0.3086;1
1432;239;4;0;0;0;0.4496;0.3086;1
1433;239;5;0;0;0;0.4496;0.3086;1
1434;239;6;0;0;0;0.4496;0.3086;1
1435;240;1;0;0;0;-0.7569;-0.0606;1
1436;240;2;0;0;0;-0.7569;-0.0606;1
1437;240;3;0;0;0;-0.7569;-0.0606;1
1438;240;4;0;0;0;-0.7569;-0.0606;1
1439;240;5;0;0;0;-0.7569;-0.0606;1
1440;240;6;0;0;0;-0.7569;-0.0606;1
1441;241;1;1;0;0;1.3367;1.1579;1
1442;241;2;1;0;0;1.3367;1.1579;1
1443;241;3;0;0;0;1.3367;1.1579;1
1444;241;4;1;0;0;1.3367;1.1579;1
1445;241;5;1;0;0;1.3367;1.1579;1
1446;241;6;1;0;0;1.3367;1.1579;1
1447;242;1;0;0;0;0.027;0.5506;0
1448;242;2;1;0;0;0.027;0.5506;0
1449;242;3;0;0;0;0.027;0.5506;0
1450;242;4;1;0;0;0.027;0.5506;0
1451;242;5;0;0;0;0.027;0.5506;0
1452;242;6;0;0;0;0.027;0.5506;0
1453;243;1;0;0;0;-0.27;-0.127;1
1454;243;2;0;0;0;-0.27;-0.127;1
1455;243;3;0;0;0;-0.27;-0.127;1
1456;243;4;0;0;0;-0.27;-0.127;1
1457;243;5;0;0;0;-0.27;-0.127;1
1458;243;6;1;0;0;-0.27;-0.127;1
1459;244;1;0;0;0;0.4035;-0.6223;1
1460;244;2;0;0;0;0.4035;-0.6223;1
1461;244;3;0;0;0;0.4035;-0.6223;1
1462;244;4;0;0;0;0.4035;-0.6223;1
1463;244;5;0;0;0;0.4035;-0.6223;1
1464;244;6;1;0;0;0.4035;-0.6223;1
1465;245;1;1;0;0;0.6385;1.2287;0
1466;245;2;0;0;0;0.6385;1.2287;0
1467;245;3;0;0;0;0.6385;1.2287;0
1468;245;4;1;0;0;0.6385;1.2287;0
1469;245;5;1;0;0;0.6385;1.2287;0
1470;245;6;0;0;0;0.6385;1.2287;0
1471;246;1;0;0;0;-0.3591;-1.3972;0
1472;246;2;0;0;0;-0.3591;-1.3972;0
1473;246;3;0;0;0;-0.3591;-1.3972;0
1474;246;4;0;0;0;-0.3591;-1.3972;0
1475;246;5;0;0;0;-0.3591;-1.3972;0
1476;246;6;1;0;0;-0.3591;-1.3972;0
1477;247;1;0;0;0;-0.0118;-0.2874;1
1478;247;2;0;0;0;-0.0118;-0.2874;1
1479;247;3;0;0;0;-0.0118;-0.2874;1
1480;247;4;0;0;0;-0.0118;-0.2874;1
1481;247;5;1;0;0;-0.0118;-0.2874;1
1482;247;6;0;0;0;-0.0118;-0.2874;1
1483;248;1;1;0;0;-0.0228;-2.0023;0
1484;248;2;0;0;0;-0.0228;-2.0023;0
1485;248;3;1;0;0;-0.0228;-2.0023;0
1486;248;4;1;0;0;-0.0228;-2.0023;0
1487;248;5;0;0;0;-0.0228;-2.0023;0
1488;248;6;1;0;0;-0.0228;-2.0023;0
1489;249;1;0;0;0;-0.7596;-0.3374;1
1490;249;2;0;0;0;-0.7596;-0.3374;1
1491;249;3;0;0;0;-0.7596;-0.3374;1
1492;249;4;0;0;0;-0.7596;-0.3374;1
1493;249;5;0;0;0;-0.7596;-0.3374;1
1494;249;6;0;0;0;-0.7596;-0.3374;1
1495;250;1;0;0;0;0.526;2.04;0
1496;250;2;1;0;0;0.526;2.04;0
1497;250;3;1;0;0;0.526;2.04;0
1498;250;4;1;0;0;0.526;2.04;0
1499;250;5;0;0;0;0.526;2.04;0
1500;250;6;0;0;0;0.526;2.04;0
1501;251;1;1;0;0;0.7038;0.6156;1
1502;251;2;1;0;0;0.7038;0.6156;1
1503;251;3;1;0;0;0.7038;0.6156;1
1504;251;4;1;0;0;0.7038;0.6156;1
1505;251;5;1;0;0;0.7038;0.6156;1
1506;251;6;1;0;0;0.7038;0.6156;1
1507;252;1;1;0;0;-0.3752;-0.0013;1
1508;252;2;0;0;0;-0.3752;-0.0013;1
1509;252;3;1;0;0;-0.3752;-0.0013;1
1510;252;4;0;0;0;-0.3752;-0.0013;1
1511;252;5;0;0;0;-0.3752;-0.0013;1
1512;252;6;0;0;0;-0.3752;-0.0013;1
1513;253;1;0;0;0;-0.4128;0.1513;1
1514;253;2;0;0;0;-0.4128;0.1513;1
1515;253;3;0;0;0;-0.4128;0.1513;1
1516;253;4;0;0;0;-0.4128;0.1513;1
1517;253;5;0;0;0;-0.4128;0.1513;1
1518;253;6;0;0;0;-0.4128;0.1513;1
1519;254;1;1;0;0;0.4427;-1.7485;0
1520;254;2;0;0;0;0.4427;-1.7485;0
1521;254;3;1;0;0;0.4427;-1.7485;0
1522;254;4;0;0;0;0.4427;-1.7485;0
1523;254;5;1;0;0;0.4427;-1.7485;0
1524;254;6;0;0;0;0.4427;-1.7485;0
1525;255;1;0;0;0;0.0356;-1.0793;1
1526;255;2;1;0;0;0.0356;-1.0793;1
1527;255;3;0;0;0;0.0356;-1.0793;1
1528;255;4;0;0;0;0.0356;-1.0793;1
1529;255;5;1;0;0;0.0356;-1.0793;1
1530;255;6;0;0;0;0.0356;-1.0793;1
1531;256;1;1;0;0;0.6023;1.6421;0
1532;256;2;1;0;0;0.6023;1.6421;0
1533;256;3;1;0;0;0.6023;1.6421;0
1534;256;4;0;0;0;0.6023;1.6421;0
1535;256;5;0;0;0;0.6023;1.6421;0
1536;256;6;1;0;0;0.6023;1.6421;0
1537;257;1;1;0;0;0.3069;0.9971;1
1538;257;2;0;0;0;0.3069;0.9971;1
1539;257;3;0;0;0;0.3069;0.9971;1
1540;257;4;1;0;0;0.3069;0.9971;1
1541;257;5;0;0;0;0.3069;0.9971;1
1542;257;6;1;0;0;0.3069;0.9971;1
1543;258;1;1;0;0;1.5374;1.6198;0
1544;258;2;0;0;0;1.5374;1.6198;0
1545;258;3;1;0;0;1.5374;1.6198;0
1546;258;4;0;0;0;1.5374;1.6198;0
1547;258;5;1;0;0;1.5374;1.6198;0
1548;258;6;1;0;0;1.5374;1.6198;0
1549;259;1;0;0;0;-1.1813;-1.7566;1
1550;259;2;0;0;0;-1.1813;-1.7566;1
1551;259;3;0;0;0;-1.1813;-1.7566;1
1552;259;4;0;0;0;-1.1813;-1.7566;1
1553;259;5;0;0;0;-1.1813;-1.7566;1
1554;259;6;0;0;0;-1.1813;-1.7566;1
1555;260;1;0;0;0;-0.3915;1.1437;0
1556;260;2;0;0;0;-0.3915;1.1437;0
1557;260;3;0;0;0;-0.3915;1.1437;0
1558;260;4;0;0;0;-0.3915;1.1437;0
1559;260;5;0;0;0;-0.3915;1.1437;0
1560;260;6;0;0;0;-0.3915;1.1437;0
1561;261;1;0;0;0;-0.1716;-1.5542;1
1562;261;2;1;0;0;-0.1716;-1.5542;1
1563;261;3;0;0;0;-0.1716;-1.5542;1
1564;261;4;1;0;0;-0.1716;-1.5542;1
1565;261;5;0;0;0;-0.1716;-1.5542;1
1566;261;6;1;0;0;-0.1716;-1.5542;1
1567;262;1;0;0;0;0.5633;-0.2816;1
1568;262;2;1;0;0;0.5633;-0.2816;1
1569;262;3;0;0;0;0.5633;-0.2816;1
1570;262;4;1;0;0;0.5633;-0.2816;1
1571;262;5;0;0;0;0.5633;-0.2816;1
1572;262;6;0;0;0;0.5633;-0.2816;1
1573;263;1;1;0;0;-0.9297;-1.3089;0
1574;263;2;0;0;0;-0.9297;-1.3089;0
1575;263;3;0;0;0;-0.9297;-1.3089;0
1576;263;4;0;0;0;-0.9297;-1.3089;0
1577;263;5;0;0;0;-0.9297;-1.3089;0
1578;263;6;0;0;0;-0.9297;-1.3089;0
1579;264;1;0;0;0;0.1203;0.501;0
1580;264;2;1;0;0;0.1203;0.501;0
1581;264;3;1;0;0;0.1203;0.501;0
1582;264;4;0;0;0;0.1203;0.501;0
1583;264;5;1;0;0;0.1203;0.501;0
1584;264;6;0;0;0;0.1203;0.501;0
1585;265;1;0;0;0;-0.0482;0.8662;1
1586;265;2;1;0;0;-0.0482;0.8662;1
1587;265;3;0;0;0;-0.0482;0.8662;1
1588;265;4;0;0;0;-0.0482;0.8662;1
1589;265;5;1;0;0;-0.0482;0.8662;1
1590;265;6;0;0;0;-0.0482;0.8662;1
1591;266;1;0;0;0;0.0899;0.5942;1
1592;266;2;0;0;0;0.0899;0.5942;1
1593;266;3;0;0;0;0.0899;0.5942;1
1594;266;4;1;0;0;0.0899;0.5942;1
1595;266;5;0;0;0;0.0899;0.5942;1
1596;266;6;0;0;0;0.0899;0.5942;1
1597;267;1;0;0;0;-0.1533;-0.0325;0
1598;267;2;1;0;0;-0.1533;-0.0325;0
1599;267;3;0;0;0;-0.1533;-0.0325;0
1600;267;4;0;0;0;-0.1533;-0.0325;0
1601;267;5;0;0;0;-0.1533;-0.0325;0
1602;267;6;1;0;0;-0.1533;-0.0325;0
1603;268;1;0;0;0;-0.5372;-0.2906;1
1604;268;2;0;0;0;-0.5372;-0.2906;1
1605;268;3;0;0;0;-0.5372;-0.2906;1
1606;268;4;0;0;0;-0.5372;-0.2906;1
1607;268;5;1;0;0;-0.5372;-0.2906;1
1608;268;6;0;0;0;-0.5372;-0.2906;1
1609;269;1;0;0;0;0.7904;-0.7412;0
1610;269;2;0;0;0;0.7904;-0.7412;0
1611;269;3;1;0;0;0.7904;-0.7412;0
1612;269;4;1;0;0;0.7904;-0.7412;0
1613;269;5;0;0;0;0.7904;-0.7412;0
1614;269;6;1;0;0;0.7904;-0.7412;0
1615;270;1;0;0;0;0.0229;-0.6362;1
1616;270;2;1;0;0;0.0229;-0.6362;1
1617;270;3;0;0;0;0.0229;-0.6362;1
1618;270;4;1;0;0;0.0229;-0.6362;1
1619;270;5;1;0;0;0.0229;-0.6362;1
1620;270;6;0;0;0;0.0229;-0.6362;1
1621;271;1;0;0;0;-0.3196;0.303;0
1622;271;2;0;0;0;-0.3196;0.303;0
1623;271;3;0;0;0;-0.3196;0.303;0
1624;271;4;0;0;0;-0.3196;0.303;0
1625;271;5;1;0;0;-0.3196;0.303;0
1626;271;6;1;0;0;-0.3196;0.303;0
1627;272;1;1;0;0;0.2705;0.4433;1
1628;272;2;1;0;0;0.2705;0.4433;1
1629;272;3;1;0;0;0.2705;0.4433;1
1630;272;4;0;0;0;0.2705;0.4433;1
1631;272;5;0;0;0;0.2705;0.4433;1
1632;272;6;0;0;0;0.2705;0.4433;1
1633;273;1;0;0;0;-0.278;0.8553;0
1634;273;2;0;0;0;-0.278;0.8553;0
1635;273;3;0;0;0;-0.278;0.8553;0
1636;273;4;0;0;0;-0.278;0.8553;0
1637;273;5;0;0;0;-0.278;0.8553;0
1638;273;6;0;0;0;-0.278;0.8553;0
1639;274;1;0;0;0;-0.6459;-1.5063;0
1640;274;2;0;0;0;-0.6459;-1.5063;0
1641;274;3;0;0;0;-0.6459;-1.5063;0
1642;274;4;1;0;0;-0.6459;-1.5063;0
1643;274;5;0;0;0;-0.6459;-1.5063;0
1644;274;6;0;0;0;-0.6459;-1.5063;0
1645;275;1;0;0;0;-0.8693;1.4666;0
1646;275;2;0;0;0;-0.8693;1.4666;0
1647;275;3;1;0;0;-0.8693;1.4666;0
1648;275;4;0;0;0;-0.8693;1.4666;0
1649;275;5;0;0;0;-0.8693;1.4666;0
1650;275;6;0;0;0;-0.8693;1.4666;0
1651;276;1;0;0;0;-1.8261;-1.9344;0
1652;276;2;0;0;0;-1.8261;-1.9344;0
1653;276;3;0;0;0;-1.8261;-1.9344;0
1654;276;4;0;0;0;-1.8261;-1.9344;0
1655;276;5;0;0;0;-1.8261;-1.9344;0
1656;276;6;0;0;0;-1.8261;-1.9344;0
1657;277;1;1;0;0;-0.2795;-0.7999;0
1658;277;2;1;0;0;-0.2795;-0.7999;0
1659;277;3;1;0;0;-0.2795;-0.7999;0
1660;277;4;0;0;0;-0.2795;-0.7999;0
1661;277;5;0;0;0;-0.2795;-0.7999;0
1662;277;6;1;0;0;-0.2795;-0.7999;0
1663;278;1;0;0;0;0.0911;-0.3768;0
1664;278;2;0;0;0;0.0911;-0.3768;0
1665;278;3;1;0;0;0.0911;-0.3768;0
1666;278;4;0;0;0;0.0911;-0.3768;0
1667;278;5;1;0;0;0.0911;-0.3768;0
1668;278;6;1;0;0;0.0911;-0.3768;0
1669;279;1;1;0;0;0.0193;0.4852;1
1670;279;2;0;0;0;0.0193;0.4852;1
1671;279;3;0;0;0;0.0193;0.4852;1
1672;279;4;1;0;0;0.0193;0.4852;1
1673;279;5;0;0;0;0.0193;0.4852;1
1674;279;6;1;0;0;0.0193;0.4852;1
1675;280;1;0;0;0;-0.5249;-1.1063;1
1676;280;2;1;0;0;-0.5249;-1.1063;1
1677;280;3;1;0;0;-0.5249;-1.1063;1
1678;280;4;1;0;0;-0.5249;-1.1063;1
1679;280;5;0;0;0;-0.5249;-1.1063;1
1680;280;6;0;0;0;-0.5249;-1.1063;1
1681;281;1;1;0;0;0.726;-0.0808;1
1682;281;2;0;0;0;0.726;-0.0808;1
1683;281;3;0;0;0;0.726;-0.0808;1
1684;281;4;0;0;0;0.726;-0.0808;1
1685;281;5;0;0;0;0.726;-0.0808;1
1686;281;6;0;0;0;0.726;-0.0808;1
1687;282;1;0;0;0;0.1713;-1.5543;1
1688;282;2;0;0;0;0.1713;-1.5543;1
1689;282;3;0;0;0;0.1713;-1.5543;1
1690;282;4;0;0;0;0.1713;-1.5543;1
1691;282;5;0;0;0;0.1713;-1.5543;1
1692;282;6;1;0;0;0.1713;-1.5543;1
1693;283;1;1;0;0;-0.728;-0.8667;1
1694;283;2;0;0;0;-0.728;-0.8667;1
1695;283;3;0;0;0;-0.728;-0.8667;1
1696;283;4;0;0;0;-0.728;-0.8667;1
1697;283;5;0;0;0;-0.728;-0.8667;1
1698;283;6;1;0;0;-0.728;-0.8667;1
1699;284;1;0;0;0;-0.462;-0.8994;1
1700;284;2;0;0;0;-0.462;-0.8994;1
1701;284;3;0;0;0;-0.462;-0.8994;1
1702;284;4;0;0;0;-0.462;-0.8994;1
1703;284;5;0;0;0;-0.462;-0.8994;1
1704;284;6;0;0;0;-0.462;-0.8994;1
1705;285;1;0;0;0;-0.081;0.9622;0
1706;285;2;1;0;0;-0.081;0.9622;0
1707;285;3;0;0;0;-0.081;0.9622;0
1708;285;4;0;0;0;-0.081;0.9622;0
1709;285;5;0;0;0;-0.081;0.9622;0
1710;285;6;0;0;0;-0.081;0.9622;0
1711;286;1;0;0;0;1.3943;1.1811;0
1712;286;2;1;0;0;1.3943;1.1811;0
1713;286;3;1;0;0;1.3943;1.1811;0
1714;286;4;1;0;0;1.3943;1.1811;0
1715;286;5;0;0;0;1.3943;1.1811;0
1716;286;6;1;0;0;1.3943;1.1811;0
1717;287;1;0;0;0;0.3405;0.1361;1
1718;287;2;0;0;0;0.3405;0.1361;1
1719;287;3;0;0;0;0.3405;0.1361;1
1720;287;4;0;0;0;0.3405;0.1361;1
1721;287;5;0;0;0;0.3405;0.1361;1
1722;287;6;0;0;0;0.3405;0.1361;1
1723;288;1;0;0;0;-0.2108;-0.5879;1
1724;288;2;0;0;0;-0.2108;-0.5879;1
1725;288;3;0;0;0;-0.2108;-0.5879;1
1726;288;4;0;0;0;-0.2108;-0.5879;1
1727;288;5;0;0;0;-0.2108;-0.5879;1
1728;288;6;0;0;0;-0.2108;-0.5879;1
1729;289;1;1;0;0;-0.0633;0.8124;0
1730;289;2;0;0;0;-0.0633;0.8124;0
1731;289;3;1;0;0;-0.0633;0.8124;0
1732;289;4;1;0;0;-0.0633;0.8124;0
1733;289;5;0;0;0;-0.0633;0.8124;0
1734;289;6;1;0;0;-0.0633;0.8124;0
1735;290;1;0;0;0;-1.3632;-0.1546;1
1736;290;2;0;0;0;-1.3632;-0.1546;1
1737;290;3;0;0;0;-1.3632;-0.1546;1
1738;290;4;0;0;0;-1.3632;-0.1546;1
1739;290;5;0;0;0;-1.3632;-0.1546;1
1740;290;6;0;0;0;-1.3632;-0.1546;1
1741;291;1;0;0;0;-0.2857;-1.2526;0
1742;291;2;1;0;0;-0.2857;-1.2526;0
1743;291;3;0;0;0;-0.2857;-1.2526;0
1744;291;4;0;0;0;-0.2857;-1.2526;0
1745;291;5;1;0;0;-0.2857;-1.2526;0
1746;291;6;0;0;0;-0.2857;-1.2526;0
1747;292;1;0;0;0;0.058;-2.1484;0
1748;292;2;1;0;0;0.058;-2.1484;0
1749;292;3;0;0;0;0.058;-2.1484;0
1750;292;4;1;0;0;0.058;-2.1484;0
1751;292;5;0;0;0;0.058;-2.1484;0
1752;292;6;0;0;0;0.058;-2.1484;0
1753;293;1;0;0;0;0.7026;1.67;0
1754;293;2;0;0;0;0.7026;1.67;0
1755;293;3;0;0;0;0.7026;1.67;0
1756;293;4;0;0;0;0.7026;1.67;0
1757;293;5;0;0;0;0.7026;1.67;0
1758;293;6;0;0;0;0.7026;1.67;0
1759;294;1;0;0;0;-0.2808;-1.8505;0
1760;294;2;0;0;0;-0.2808;-1.8505;0
1761;294;3;1;0;0;-0.2808;-1.8505;0
1762;294;4;1;0;0;-0.2808;-1.8505;0
1763;294;5;0;0;0;-0.2808;-1.8505;0
1764;294;6;1;0;0;-0.2808;-1.8505;0
1765;295;1;0;0;0;-0.1495;0.3227;0
1766;295;2;0;0;0;-0.1495;0.3227;0
1767;295;3;0;0;0;-0.1495;0.3227;0
1768;295;4;0;0;0;-0.1495;0.3227;0
1769;295;5;1;0;0;-0.1495;0.3227;0
1770;295;6;1;0;0;-0.1495;0.3227;0
1771;296;1;0;0;0;-1.0305;-2.2936;0
1772;296;2;0;0;0;-1.0305;-2.2936;0
1773;296;3;0;0;0;-1.0305;-2.2936;0
1774;296;4;1;0;0;-1.0305;-2.2936;0
1775;296;5;1;0;0;-1.0305;-2.2936;0
1776;296;6;0;0;0;-1.0305;-2.2936;0
1777;297;1;1;0;0;0.1894;-0.7842;0
1778;297;2;0;0;0;0.1894;-0.7842;0
1779;297;3;1;0;0;0.1894;-0.7842;0
1780;297;4;0;0;0;0.1894;-0.7842;0
1781;297;5;1;0;0;0.1894;-0.7842;0
1782;297;6;0;0;0;0.1894;-0.7842;0
1783;298;1;0;0;0;0.3119;0.1032;0
1784;298;2;1;0;0;0.3119;0.1032;0
1785;298;3;0;0;0;0.3119;0.1032;0
1786;298;4;0;0;0;0.3119;0.1032;0
1787;298;5;0;0;0;0.3119;0.1032;0
1788;298;6;1;0;0;0.3119;0.1032;0
1789;299;1;0;0;0;-0.9256;-1.1356;0
1790;299;2;0;0;0;-0.9256;-1.1356;0
1791;299;3;1;0;0;-0.9256;-1.1356;0
1792;299;4;0;0;0;-0.9256;-1.1356;0
1793;299;5;0;0;0;-0.9256;-1.1356;0
1794;299;6;0;0;0;-0.9256;-1.1356;0
1795;300;1;0;0;0;0.1168;1.4211;0
1796;300;2;0;0;0;0.1168;1.4211;0
1797;300;3;0;0;0;0.1168;1.4211;0
1798;300;4;1;0;0;0.1168;1.4211;0
1799;300;5;1;0;0;0.1168;1.4211;0
1800;300;6;0;0;0;0.1168;1.4211;0
1801;301;1;1;2;0;1.1823;0.4229;1
1802;301;2;0;2;1;1.1823;0.4229;1
1803;301;3;1;2;1;1.1823;0.4229;1
1804;301;4;1;2;1;1.1823;0.4229;1
1805;301;5;0;2;1;1.1823;0.4229;1
1806;301;6;0;2;1;1.1823;0.4229;1
1807;302;1;0;2;0;-0.4167;-2.2753;1
1808;302;2;0;2;1;-0.4167;-2.2753;1
1809;302;3;1;2;1;-0.4167;-2.2753;1
1810;302;4;0;2;1;-0.4167;-2.2753;1
1811;302;5;1;2;1;-0.4167;-2.2753;1
1812;302;6;0;2;1;-0.4167;-2.2753;1
1813;303;1;1;2;0;-0.0577;-0.6444;0
1814;303;2;0;2;1;-0.0577;-0.6444;0
1815;303;3;0;2;1;-0.0577;-0.6444;0
1816;303;4;1;2;1;-0.0577;-0.6444;0
1817;303;5;0;2;1;-0.0577;-0.6444;0
1818;303;6;1;2;1;-0.0577;-0.6444;0
1819;304;1;0;2;0;-0.6336;-1.3266;1
1820;304;2;1;2;1;-0.6336;-1.3266;1
1821;304;3;0;2;1;-0.6336;-1.3266;1
1822;304;4;0;2;1;-0.6336;-1.3266;1
1823;304;5;0;2;1;-0.6336;-1.3266;1
1824;304;6;0;2;1;-0.6336;-1.3266;1
1825;305;1;0;2;0;0.3413;-0.2215;0
1826;305;2;1;2;1;0.3413;-0.2215;0
1827;305;3;0;2;1;0.3413;-0.2215;0
1828;305;4;1;2;1;0.3413;-0.2215;0
1829;305;5;1;2;1;0.3413;-0.2215;0
1830;305;6;0;2;1;0.3413;-0.2215;0
1831;306;1;1;2;0;0.3537;1.0995;1
1832;306;2;1;2;1;0.3537;1.0995;1
1833;306;3;1;2;1;0.3537;1.0995;1
1834;306;4;0;2;1;0.3537;1.0995;1
1835;306;5;0;2;1;0.3537;1.0995;1
1836;306;6;1;2;1;0.3537;1.0995;1
1837;307;1;0;2;0;0.3072;0.1973;1
1838;307;2;0;2;1;0.3072;0.1973;1
1839;307;3;1;2;1;0.3072;0.1973;1
1840;307;4;1;2;1;0.3072;0.1973;1
1841;307;5;0;2;1;0.3072;0.1973;1
1842;307;6;0;2;1;0.3072;0.1973;1
1843;308;1;0;2;0;0.2803;-0.2973;1
1844;308;2;0;2;1;0.2803;-0.2973;1
1845;308;3;0;2;1;0.2803;-0.2973;1
1846;308;4;1;2;1;0.2803;-0.2973;1
1847;308;5;1;2;1;0.2803;-0.2973;1
1848;308;6;0;2;1;0.2803;-0.2973;1
1849;309;1;0;2;0;0.6236;0.4779;0
1850;309;2;1;2;1;0.6236;0.4779;0
1851;309;3;0;2;1;0.6236;0.4779;0
1852;309;4;0;2;1;0.6236;0.4779;0
1853;309;5;1;2;1;0.6236;0.4779;0
1854;309;6;1;2;1;0.6236;0.4779;0
1855;310;1;0;2;0;-0.5649;-0.6393;0
1856;310;2;0;2;1;-0.5649;-0.6393;0
1857;310;3;1;2;1;-0.5649;-0.6393;0
1858;310;4;1;2;1;-0.5649;-0.6393;0
1859;310;5;0;2;1;-0.5649;-0.6393;0
1860;310;6;0;2;1;-0.5649;-0.6393;0
1861;311;1;0;2;0;-1.2468;-0.7226;1
1862;311;2;0;2;1;-1.2468;-0.7226;1
1863;311;3;0;2;1;-1.2468;-0.7226;1
1864;311;4;0;2;1;-1.2468;-0.7226;1
1865;311;5;0;2;1;-1.2468;-0.7226;1
1866;311;6;1;2;1;-1.2468;-0.7226;1
1867;312;1;0;2;0;-0.1613;0.3139;1
1868;312;2;0;2;1;-0.1613;0.3139;1
1869;312;3;1;2;1;-0.1613;0.3139;1
1870;312;4;0;2;1;-0.1613;0.3139;1
1871;312;5;0;2;1;-0.1613;0.3139;1
1872;312;6;0;2;1;-0.1613;0.3139;1
1873;313;1;0;2;0;0.0593;0.1172;1
1874;313;2;1;2;1;0.0593;0.1172;1
1875;313;3;1;2;1;0.0593;0.1172;1
1876;313;4;0;2;1;0.0593;0.1172;1
1877;313;5;0;2;1;0.0593;0.1172;1
1878;313;6;1;2;1;0.0593;0.1172;1
1879;314;1;1;2;0;0.8651;-0.1383;0
1880;314;2;0;2;1;0.8651;-0.1383;0
1881;314;3;1;2;1;0.8651;-0.1383;0
1882;314;4;1;2;1;0.8651;-0.1383;0
1883;314;5;1;2;1;0.8651;-0.1383;0
1884;314;6;1;2;1;0.8651;-0.1383;0
1885;315;1;1;2;0;-0.3169;-0.178;0
1886;315;2;1;2;1;-0.3169;-0.178;0
1887;315;3;0;2;1;-0.3169;-0.178;0
1888;315;4;0;2;1;-0.3169;-0.178;0
1889;315;5;1;2;1;-0.3169;-0.178;0
1890;315;6;0;2;1;-0.3169;-0.178;0
1891;316;1;0;2;0;-0.3018;-0.4857;0
1892;316;2;0;2;1;-0.3018;-0.4857;0
1893;316;3;0;2;1;-0.3018;-0.4857;0
1894;316;4;0;2;1;-0.3018;-0.4857;0
1895;316;5;0;2;1;-0.3018;-0.4857;0
1896;316;6;1;2;1;-0.3018;-0.4857;0
1897;317;1;1;2;0;0.4347;0.5616;0
1898;317;2;0;2;1;0.4347;0.5616;0
1899;317;3;1;2;1;0.4347;0.5616;0
1900;317;4;0;2;1;0.4347;0.5616;0
1901;317;5;1;2;1;0.4347;0.5616;0
1902;317;6;1;2;1;0.4347;0.5616;0
1903;318;1;0;2;0;-1.1303;-0.1975;1
1904;318;2;1;2;1;-1.1303;-0.1975;1
1905;318;3;1;2;1;-1.1303;-0.1975;1
1906;318;4;0;2;1;-1.1303;-0.1975;1
1907;318;5;0;2;1;-1.1303;-0.1975;1
1908;318;6;0;2;1;-1.1303;-0.1975;1
1909;319;1;0;2;0;-0.8707;-0.9237;0
1910;319;2;0;2;1;-0.8707;-0.9237;0
1911;319;3;0;2;1;-0.8707;-0.9237;0
1912;319;4;0;2;1;-0.8707;-0.9237;0
1913;319;5;0;2;1;-0.8707;-0.9237;0
1914;319;6;0;2;1;-0.8707;-0.9237;0
1915;320;1;1;2;0;-0.9206;-0.862;1
1916;320;2;1;2;1;-0.9206;-0.862;1
1917;320;3;0;2;1;-0.9206;-0.862;1
1918;320;4;1;2;1;-0.9206;-0.862;1
1919;320;5;1;2;1;-0.9206;-0.862;1
1920;320;6;0;2;1;-0.9206;-0.862;1
1921;321;1;1;2;0;0.9676;1.576;1
1922;321;2;0;2;1;0.9676;1.576;1
1923;321;3;1;2;1;0.9676;1.576;1
1924;321;4;1;2;1;0.9676;1.576;1
1925;321;5;0;2;1;0.9676;1.576;1
1926;321;6;1;2;1;0.9676;1.576;1
1927;322;1;1;2;0;-0.2572;1.4956;1
1928;322;2;0;2;1;-0.2572;1.4956;1
1929;322;3;1;2;1;-0.2572;1.4956;1
1930;322;4;0;2;1;-0.2572;1.4956;1
1931;322;5;1;2;1;-0.2572;1.4956;1
1932;322;6;0;2;1;-0.2572;1.4956;1
1933;323;1;0;2;0;-0.0588;0.6987;1
1934;323;2;0;2;1;-0.0588;0.6987;1
1935;323;3;1;2;1;-0.0588;0.6987;1
1936;323;4;0;2;1;-0.0588;0.6987;1
1937;323;5;0;2;1;-0.0588;0.6987;1
1938;323;6;1;2;1;-0.0588;0.6987;1
1939;324;1;1;2;0;0.6708;0.3673;0
1940;324;2;0;2;1;0.6708;0.3673;0
1941;324;3;1;2;1;0.6708;0.3673;0
1942;324;4;0;2;1;0.6708;0.3673;0
1943;324;5;1;2;1;0.6708;0.3673;0
1944;324;6;0;2;1;0.6708;0.3673;0
1945;325;1;0;2;0;-1.921;-3.0841;0
1946;325;2;0;2;1;-1.921;-3.0841;0
1947;325;3;1;2;1;-1.921;-3.0841;0
1948;325;4;0;2;1;-1.921;-3.0841;0
1949;325;5;0;2;1;-1.921;-3.0841;0
1950;325;6;0;2;1;-1.921;-3.0841;0
1951;326;1;0;2;0;-0.8884;-0.4131;1
1952;326;2;0;2;1;-0.8884;-0.4131;1
1953;326;3;0;2;1;-0.8884;-0.4131;1
1954;326;4;1;2;1;-0.8884;-0.4131;1
1955;326;5;0;2;1;-0.8884;-0.4131;1
1956;326;6;0;2;1;-0.8884;-0.4131;1
1957;327;1;0;2;0;0.8666;1.0135;1
1958;327;2;1;2;1;0.8666;1.0135;1
1959;327;3;1;2;1;0.8666;1.0135;1
1960;327;4;1;2;1;0.8666;1.0135;1
1961;327;5;0;2;1;0.8666;1.0135;1
1962;327;6;1;2;1;0.8666;1.0135;1
1963;328;1;0;2;0;0.1708;0.0224;1
1964;328;2;1;2;1;0.1708;0.0224;1
1965;328;3;1;2;1;0.1708;0.0224;1
1966;328;4;1;2;1;0.1708;0.0224;1
1967;328;5;1;2;1;0.1708;0.0224;1
1968;328;6;1;2;1;0.1708;0.0224;1
1969;329;1;1;2;0;0.22;0.378;1
1970;329;2;0;2;1;0.22;0.378;1
1971;329;3;1;2;1;0.22;0.378;1
1972;329;4;1;2;1;0.22;0.378;1
1973;329;5;0;2;1;0.22;0.378;1
1974;329;6;0;2;1;0.22;0.378;1
1975;330;1;1;2;0;0.3877;0.582;0
1976;330;2;1;2;1;0.3877;0.582;0
1977;330;3;1;2;1;0.3877;0.582;0
1978;330;4;1;2;1;0.3877;0.582;0
1979;330;5;0;2;1;0.3877;0.582;0
1980;330;6;0;2;1;0.3877;0.582;0
1981;331;1;0;2;0;-0.8863;0.1118;0
1982;331;2;0;2;1;-0.8863;0.1118;0
1983;331;3;0;2;1;-0.8863;0.1118;0
1984;331;4;0;2;1;-0.8863;0.1118;0
1985;331;5;0;2;1;-0.8863;0.1118;0
1986;331;6;0;2;1;-0.8863;0.1118;0
1987;332;1;0;2;0;-0.0503;0.0363;1
1988;332;2;0;2;1;-0.0503;0.0363;1
1989;332;3;0;2;1;-0.0503;0.0363;1
1990;332;4;0;2;1;-0.0503;0.0363;1
1991;332;5;0;2;1;-0.0503;0.0363;1
1992;332;6;1;2;1;-0.0503;0.0363;1
1993;333;1;1;2;0;-0.4671;-0.6225;0
1994;333;2;0;2;1;-0.4671;-0.6225;0
1995;333;3;0;2;1;-0.4671;-0.6225;0
1996;333;4;1;2;1;-0.4671;-0.6225;0
1997;333;5;1;2;1;-0.4671;-0.6225;0
1998;333;6;1;2;1;-0.4671;-0.6225;0
1999;334;1;0;2;0;0.1012;0.6646;1
2000;334;2;1;2;1;0.1012;0.6646;1
2001;334;3;1;2;1;0.1012;0.6646;1
2002;334;4;0;2;1;0.1012;0.6646;1
2003;334;5;0;2;1;0.1012;0.6646;1
2004;334;6;0;2;1;0.1012;0.6646;1
2005;335;1;1;2;0;0.9255;0.0791;1
2006;335;2;1;2;1;0.9255;0.0791;1
2007;335;3;0;2;1;0.9255;0.0791;1
2008;335;4;0;2;1;0.9255;0.0791;1
2009;335;5;0;2;1;0.9255;0.0791;1
2010;335;6;0;2;1;0.9255;0.0791;1
2011;336;1;0;2;0;-0.1381;0.2947;1
2012;336;2;1;2;1;-0.1381;0.2947;1
2013;336;3;0;2;1;-0.1381;0.2947;1
2014;336;4;0;2;1;-0.1381;0.2947;1
2015;336;5;0;2;1;-0.1381;0.2947;1
2016;336;6;1;2;1;-0.1381;0.2947;1
2017;337;1;0;2;0;0.1805;1.3524;1
2018;337;2;0;2;1;0.1805;1.3524;1
2019;337;3;1;2;1;0.1805;1.3524;1
2020;337;4;0;2;1;0.1805;1.3524;1
2021;337;5;0;2;1;0.1805;1.3524;1
2022;337;6;0;2;1;0.1805;1.3524;1
2023;338;1;0;2;0;0.5767;0.3907;0
2024;338;2;0;2;1;0.5767;0.3907;0
2025;338;3;1;2;1;0.5767;0.3907;0
2026;338;4;1;2;1;0.5767;0.3907;0
2027;338;5;0;2;1;0.5767;0.3907;0
2028;338;6;0;2;1;0.5767;0.3907;0
2029;339;1;1;2;0;-0.1713;-0.0367;0
2030;339;2;0;2;1;-0.1713;-0.0367;0
2031;339;3;1;2;1;-0.1713;-0.0367;0
2032;339;4;1;2;1;-0.1713;-0.0367;0
2033;339;5;0;2;1;-0.1713;-0.0367;0
2034;339;6;0;2;1;-0.1713;-0.0367;0
2035;340;1;0;2;0;0.518;-0.0848;0
2036;340;2;1;2;1;0.518;-0.0848;0
2037;340;3;1;2;1;0.518;-0.0848;0
2038;340;4;1;2;1;0.518;-0.0848;0
2039;340;5;1;2;1;0.518;-0.0848;0
2040;340;6;0;2;1;0.518;-0.0848;0
2041;341;1;1;2;0;0.333;-0.4985;1
2042;341;2;0;2;1;0.333;-0.4985;1
2043;341;3;0;2;1;0.333;-0.4985;1
2044;341;4;0;2;1;0.333;-0.4985;1
2045;341;5;1;2;1;0.333;-0.4985;1
2046;341;6;0;2;1;0.333;-0.4985;1
2047;342;1;0;2;0;0.8351;1.4113;1
2048;342;2;1;2;1;0.8351;1.4113;1
2049;342;3;1;2;1;0.8351;1.4113;1
2050;342;4;0;2;1;0.8351;1.4113;1
2051;342;5;1;2;1;0.8351;1.4113;1
2052;342;6;1;2;1;0.8351;1.4113;1
2053;343;1;0;2;0;-0.3775;-1.0928;1
2054;343;2;1;2;1;-0.3775;-1.0928;1
2055;343;3;0;2;1;-0.3775;-1.0928;1
2056;343;4;0;2;1;-0.3775;-1.0928;1
2057;343;5;0;2;1;-0.3775;-1.0928;1
2058;343;6;0;2;1;-0.3775;-1.0928;1
2059;344;1;0;2;0;0.2779;0.3158;0
2060;344;2;0;2;1;0.2779;0.3158;0
2061;344;3;0;2;1;0.2779;0.3158;0
2062;344;4;1;2;1;0.2779;0.3158;0
2063;344;5;0;2;1;0.2779;0.3158;0
2064;344;6;0;2;1;0.2779;0.3158;0
2065;345;1;0;2;0;-0.0714;0.6091;0
2066;345;2;0;2;1;-0.0714;0.6091;0
2067;345;3;1;2;1;-0.0714;0.6091;0
2068;345;4;0;2;1;-0.0714;0.6091;0
2069;345;5;0;2;1;-0.0714;0.6091;0
2070;345;6;1;2;1;-0.0714;0.6091;0
2071;346;1;0;2;0;0.4278;1.0768;0
2072;346;2;0;2;1;0.4278;1.0768;0
2073;346;3;1;2;1;0.4278;1.0768;0
2074;346;4;0;2;1;0.4278;1.0768;0
2075;346;5;1;2;1;0.4278;1.0768;0
2076;346;6;0;2;1;0.4278;1.0768;0
2077;347;1;0;2;0;-0.2595;0.9178;0
2078;347;2;0;2;1;-0.2595;0.9178;0
2079;347;3;0;2;1;-0.2595;0.9178;0
2080;347;4;1;2;1;-0.2595;0.9178;0
2081;347;5;0;2;1;-0.2595;0.9178;0
2082;347;6;1;2;1;-0.2595;0.9178;0
2083;348;1;0;2;0;-0.1929;-1.6508;1
2084;348;2;1;2;1;-0.1929;-1.6508;1
2085;348;3;0;2;1;-0.1929;-1.6508;1
2086;348;4;1;2;1;-0.1929;-1.6508;1
2087;348;5;0;2;1;-0.1929;-1.6508;1
2088;348;6;0;2;1;-0.1929;-1.6508;1
2089;349;1;0;2;0;0.0641;0.1313;1
2090;349;2;0;2;1;0.0641;0.1313;1
2091;349;3;1;2;1;0.0641;0.1313;1
2092;349;4;1;2;1;0.0641;0.1313;1
2093;349;5;0;2;1;0.0641;0.1313;1
2094;349;6;1;2;1;0.0641;0.1313;1
2095;350;1;0;2;0;-1.2287;0.5299;1
2096;350;2;0;2;1;-1.2287;0.5299;1
2097;350;3;0;2;1;-1.2287;0.5299;1
2098;350;4;0;2;1;-1.2287;0.5299;1
2099;350;5;0;2;1;-1.2287;0.5299;1
2100;350;6;0;2;1;-1.2287;0.5299;1
2101;351;1;0;2;0;-0.4398;-0.7888;0
2102;351;2;0;2;1;-0.4398;-0.7888;0
2103;351;3;0;2;1;-0.4398;-0.7888;0
2104;351;4;0;2;1;-0.4398;-0.7888;0
2105;351;5;0;2;1;-0.4398;-0.7888;0
2106;351;6;0;2;1;-0.4398;-0.7888;0
2107;352;1;0;2;0;0.1109;0.6375;1
2108;352;2;0;2;1;0.1109;0.6375;1
2109;352;3;0;2;1;0.1109;0.6375;1
2110;352;4;1;2;1;0.1109;0.6375;1
2111;352;5;0;2;1;0.1109;0.6375;1
2112;352;6;1;2;1;0.1109;0.6375;1
2113;353;1;1;2;0;0.4355;0.8709;1
2114;353;2;0;2;1;0.4355;0.8709;1
2115;353;3;1;2;1;0.4355;0.8709;1
2116;353;4;1;2;1;0.4355;0.8709;1
2117;353;5;0;2;1;0.4355;0.8709;1
2118;353;6;0;2;1;0.4355;0.8709;1
2119;354;1;0;2;0;0.901;1.7376;1
2120;354;2;1;2;1;0.901;1.7376;1
2121;354;3;0;2;1;0.901;1.7376;1
2122;354;4;0;2;1;0.901;1.7376;1
2123;354;5;1;2;1;0.901;1.7376;1
2124;354;6;1;2;1;0.901;1.7376;1
2125;355;1;1;2;0;0.0889;-0.7226;1
2126;355;2;0;2;1;0.0889;-0.7226;1
2127;355;3;0;2;1;0.0889;-0.7226;1
2128;355;4;0;2;1;0.0889;-0.7226;1
2129;355;5;1;2;1;0.0889;-0.7226;1
2130;355;6;1;2;1;0.0889;-0.7226;1
2131;356;1;0;2;0;-0.9787;-0.4823;0
2132;356;2;0;2;1;-0.9787;-0.4823;0
2133;356;3;0;2;1;-0.9787;-0.4823;0
2134;356;4;0;2;1;-0.9787;-0.4823;0
2135;356;5;0;2;1;-0.9787;-0.4823;0
2136;356;6;0;2;1;-0.9787;-0.4823;0
2137;357;1;1;2;0;1.00E-04;0.2875;0
2138;357;2;1;2;1;1.00E-04;0.2875;0
2139;357;3;1;2;1;1.00E-04;0.2875;0
2140;357;4;1;2;1;1.00E-04;0.2875;0
2141;357;5;0;2;1;1.00E-04;0.2875;0
2142;357;6;0;2;1;1.00E-04;0.2875;0
2143;358;1;1;2;0;0.7625;0.2255;1
2144;358;2;0;2;1;0.7625;0.2255;1
2145;358;3;1;2;1;0.7625;0.2255;1
2146;358;4;1;2;1;0.7625;0.2255;1
2147;358;5;0;2;1;0.7625;0.2255;1
2148;358;6;1;2;1;0.7625;0.2255;1
2149;359;1;0;2;0;0.3495;2.1699;0
2150;359;2;0;2;1;0.3495;2.1699;0
2151;359;3;0;2;1;0.3495;2.1699;0
2152;359;4;1;2;1;0.3495;2.1699;0
2153;359;5;1;2;1;0.3495;2.1699;0
2154;359;6;0;2;1;0.3495;2.1699;0
2155;360;1;1;2;0;0.3628;0.4406;1
2156;360;2;0;2;1;0.3628;0.4406;1
2157;360;3;1;2;1;0.3628;0.4406;1
2158;360;4;1;2;1;0.3628;0.4406;1
2159;360;5;0;2;1;0.3628;0.4406;1
2160;360;6;1;2;1;0.3628;0.4406;1
2161;361;1;0;2;0;-0.3503;-0.3195;0
2162;361;2;0;2;1;-0.3503;-0.3195;0
2163;361;3;1;2;1;-0.3503;-0.3195;0
2164;361;4;0;2;1;-0.3503;-0.3195;0
2165;361;5;1;2;1;-0.3503;-0.3195;0
2166;361;6;0;2;1;-0.3503;-0.3195;0
2167;362;1;0;2;0;0.0387;-0.4378;0
2168;362;2;1;2;1;0.0387;-0.4378;0
2169;362;3;0;2;1;0.0387;-0.4378;0
2170;362;4;0;2;1;0.0387;-0.4378;0
2171;362;5;1;2;1;0.0387;-0.4378;0
2172;362;6;0;2;1;0.0387;-0.4378;0
2173;363;1;0;2;0;-0.2141;1.076;1
2174;363;2;0;2;1;-0.2141;1.076;1
2175;363;3;1;2;1;-0.2141;1.076;1
2176;363;4;0;2;1;-0.2141;1.076;1
2177;363;5;1;2;1;-0.2141;1.076;1
2178;363;6;0;2;1;-0.2141;1.076;1
2179;364;1;0;2;0;0.4277;-0.2408;0
2180;364;2;1;2;1;0.4277;-0.2408;0
2181;364;3;0;2;1;0.4277;-0.2408;0
2182;364;4;0;2;1;0.4277;-0.2408;0
2183;364;5;1;2;1;0.4277;-0.2408;0
2184;364;6;1;2;1;0.4277;-0.2408;0
2185;365;1;1;2;0;0.0094;0.5623;1
2186;365;2;0;2;1;0.0094;0.5623;1
2187;365;3;1;2;1;0.0094;0.5623;1
2188;365;4;1;2;1;0.0094;0.5623;1
2189;365;5;1;2;1;0.0094;0.5623;1
2190;365;6;1;2;1;0.0094;0.5623;1
2191;366;1;0;2;0;-1.5761;-0.2602;0
2192;366;2;0;2;1;-1.5761;-0.2602;0
2193;366;3;0;2;1;-1.5761;-0.2602;0
2194;366;4;0;2;1;-1.5761;-0.2602;0
2195;366;5;0;2;1;-1.5761;-0.2602;0
2196;366;6;0;2;1;-1.5761;-0.2602;0
2197;367;1;0;4;0;0.1028;1.3755;1
2198;367;2;0;4;0;0.1028;1.3755;1
2199;367;3;1;4;0;0.1028;1.3755;1
2200;367;4;0;4;1;0.1028;1.3755;1
2201;367;5;1;4;1;0.1028;1.3755;1
2202;367;6;0;4;1;0.1028;1.3755;1
2203;368;1;1;4;0;-0.1953;-1.373;1
2204;368;2;0;4;0;-0.1953;-1.373;1
2205;368;3;0;4;0;-0.1953;-1.373;1
2206;368;4;1;4;1;-0.1953;-1.373;1
2207;368;5;0;4;1;-0.1953;-1.373;1
2208;368;6;0;4;1;-0.1953;-1.373;1
2209;369;1;0;4;0;0.0557;0.037;1
2210;369;2;1;4;0;0.0557;0.037;1
2211;369;3;0;4;0;0.0557;0.037;1
2212;369;4;0;4;1;0.0557;0.037;1
2213;369;5;1;4;1;0.0557;0.037;1
2214;369;6;0;4;1;0.0557;0.037;1
2215;370;1;1;4;0;-0.0983;-1.3381;1
2216;370;2;0;4;0;-0.0983;-1.3381;1
2217;370;3;1;4;0;-0.0983;-1.3381;1
2218;370;4;0;4;1;-0.0983;-1.3381;1
2219;370;5;0;4;1;-0.0983;-1.3381;1
2220;370;6;0;4;1;-0.0983;-1.3381;1
2221;371;1;0;4;0;-0.2891;-1.1283;1
2222;371;2;0;4;0;-0.2891;-1.1283;1
2223;371;3;0;4;0;-0.2891;-1.1283;1
2224;371;4;0;4;1;-0.2891;-1.1283;1
2225;371;5;1;4;1;-0.2891;-1.1283;1
2226;371;6;1;4;1;-0.2891;-1.1283;1
2227;372;1;1;4;0;-0.4737;0.3869;0
2228;372;2;0;4;0;-0.4737;0.3869;0
2229;372;3;0;4;0;-0.4737;0.3869;0
2230;372;4;0;4;1;-0.4737;0.3869;0
2231;372;5;0;4;1;-0.4737;0.3869;0
2232;372;6;0;4;1;-0.4737;0.3869;0
2233;373;1;0;4;0;0.5459;0.5124;0
2234;373;2;0;4;0;0.5459;0.5124;0
2235;373;3;1;4;0;0.5459;0.5124;0
2236;373;4;1;4;1;0.5459;0.5124;0
2237;373;5;1;4;1;0.5459;0.5124;0
2238;373;6;1;4;1;0.5459;0.5124;0
2239;374;1;0;4;0;-0.6209;-0.1561;0
2240;374;2;1;4;0;-0.6209;-0.1561;0
2241;374;3;0;4;0;-0.6209;-0.1561;0
2242;374;4;0;4;1;-0.6209;-0.1561;0
2243;374;5;1;4;1;-0.6209;-0.1561;0
2244;374;6;0;4;1;-0.6209;-0.1561;0
2245;375;1;1;4;0;1.6635;0.5074;1
2246;375;2;1;4;0;1.6635;0.5074;1
2247;375;3;0;4;0;1.6635;0.5074;1
2248;375;4;0;4;1;1.6635;0.5074;1
2249;375;5;1;4;1;1.6635;0.5074;1
2250;375;6;0;4;1;1.6635;0.5074;1
2251;376;1;1;4;0;0.4684;-0.0792;1
2252;376;2;0;4;0;0.4684;-0.0792;1
2253;376;3;1;4;0;0.4684;-0.0792;1
2254;376;4;1;4;1;0.4684;-0.0792;1
2255;376;5;0;4;1;0.4684;-0.0792;1
2256;376;6;1;4;1;0.4684;-0.0792;1
2257;377;1;0;4;0;-1.325;-1.7822;1
2258;377;2;1;4;0;-1.325;-1.7822;1
2259;377;3;0;4;0;-1.325;-1.7822;1
2260;377;4;0;4;1;-1.325;-1.7822;1
2261;377;5;0;4;1;-1.325;-1.7822;1
2262;377;6;0;4;1;-1.325;-1.7822;1
2263;378;1;1;4;0;-0.1524;0.9194;0
2264;378;2;0;4;0;-0.1524;0.9194;0
2265;378;3;0;4;0;-0.1524;0.9194;0
2266;378;4;0;4;1;-0.1524;0.9194;0
2267;378;5;1;4;1;-0.1524;0.9194;0
2268;378;6;0;4;1;-0.1524;0.9194;0
2269;379;1;1;4;0;0.0998;-0.5716;0
2270;379;2;1;4;0;0.0998;-0.5716;0
2271;379;3;0;4;0;0.0998;-0.5716;0
2272;379;4;1;4;1;0.0998;-0.5716;0
2273;379;5;0;4;1;0.0998;-0.5716;0
2274;379;6;0;4;1;0.0998;-0.5716;0
2275;380;1;0;4;0;1.2463;0.336;0
2276;380;2;1;4;0;1.2463;0.336;0
2277;380;3;1;4;0;1.2463;0.336;0
2278;380;4;1;4;1;1.2463;0.336;0
2279;380;5;0;4;1;1.2463;0.336;0
2280;380;6;1;4;1;1.2463;0.336;0
2281;381;1;0;4;0;-0.3453;-0.4577;1
2282;381;2;0;4;0;-0.3453;-0.4577;1
2283;381;3;0;4;0;-0.3453;-0.4577;1
2284;381;4;0;4;1;-0.3453;-0.4577;1
2285;381;5;1;4;1;-0.3453;-0.4577;1
2286;381;6;1;4;1;-0.3453;-0.4577;1
2287;382;1;1;4;0;-0.4985;-1.016;1
2288;382;2;1;4;0;-0.4985;-1.016;1
2289;382;3;0;4;0;-0.4985;-1.016;1
2290;382;4;1;4;1;-0.4985;-1.016;1
2291;382;5;0;4;1;-0.4985;-1.016;1
2292;382;6;0;4;1;-0.4985;-1.016;1
2293;383;1;1;4;0;-0.0019;0.6952;0
2294;383;2;0;4;0;-0.0019;0.6952;0
2295;383;3;0;4;0;-0.0019;0.6952;0
2296;383;4;1;4;1;-0.0019;0.6952;0
2297;383;5;0;4;1;-0.0019;0.6952;0
2298;383;6;0;4;1;-0.0019;0.6952;0
2299;384;1;0;4;0;0.3334;0.5957;1
2300;384;2;1;4;0;0.3334;0.5957;1
2301;384;3;1;4;0;0.3334;0.5957;1
2302;384;4;1;4;1;0.3334;0.5957;1
2303;384;5;1;4;1;0.3334;0.5957;1
2304;384;6;1;4;1;0.3334;0.5957;1
2305;385;1;0;4;0;-0.0399;0.7165;1
2306;385;2;0;4;0;-0.0399;0.7165;1
2307;385;3;1;4;0;-0.0399;0.7165;1
2308;385;4;1;4;1;-0.0399;0.7165;1
2309;385;5;0;4;1;-0.0399;0.7165;1
2310;385;6;1;4;1;-0.0399;0.7165;1
2311;386;1;1;4;0;-0.8835;0.3093;1
2312;386;2;0;4;0;-0.8835;0.3093;1
2313;386;3;0;4;0;-0.8835;0.3093;1
2314;386;4;0;4;1;-0.8835;0.3093;1
2315;386;5;1;4;1;-0.8835;0.3093;1
2316;386;6;1;4;1;-0.8835;0.3093;1
2317;387;1;0;4;0;0.7417;-0.3307;1
2318;387;2;1;4;0;0.7417;-0.3307;1
2319;387;3;1;4;0;0.7417;-0.3307;1
2320;387;4;0;4;1;0.7417;-0.3307;1
2321;387;5;0;4;1;0.7417;-0.3307;1
2322;387;6;0;4;1;0.7417;-0.3307;1
2323;388;1;0;4;0;0.2868;-1.0308;0
2324;388;2;0;4;0;0.2868;-1.0308;0
2325;388;3;0;4;0;0.2868;-1.0308;0
2326;388;4;0;4;1;0.2868;-1.0308;0
2327;388;5;1;4;1;0.2868;-1.0308;0
2328;388;6;1;4;1;0.2868;-1.0308;0
2329;389;1;0;4;0;0.4044;1.5693;0
2330;389;2;1;4;0;0.4044;1.5693;0
2331;389;3;1;4;0;0.4044;1.5693;0
2332;389;4;0;4;1;0.4044;1.5693;0
2333;389;5;0;4;1;0.4044;1.5693;0
2334;389;6;0;4;1;0.4044;1.5693;0
2335;390;1;0;4;0;-0.3816;0.2191;0
2336;390;2;1;4;0;-0.3816;0.2191;0
2337;390;3;0;4;0;-0.3816;0.2191;0
2338;390;4;1;4;1;-0.3816;0.2191;0
2339;390;5;0;4;1;-0.3816;0.2191;0
2340;390;6;1;4;1;-0.3816;0.2191;0
2341;391;1;0;4;0;-0.3868;0.0824;1
2342;391;2;1;4;0;-0.3868;0.0824;1
2343;391;3;0;4;0;-0.3868;0.0824;1
2344;391;4;1;4;1;-0.3868;0.0824;1
2345;391;5;1;4;1;-0.3868;0.0824;1
2346;391;6;0;4;1;-0.3868;0.0824;1
2347;392;1;0;4;0;-0.1549;0.1451;1
2348;392;2;0;4;0;-0.1549;0.1451;1
2349;392;3;0;4;0;-0.1549;0.1451;1
2350;392;4;0;4;1;-0.1549;0.1451;1
2351;392;5;1;4;1;-0.1549;0.1451;1
2352;392;6;0;4;1;-0.1549;0.1451;1
2353;393;1;1;4;0;0.597;1.868;1
2354;393;2;0;4;0;0.597;1.868;1
2355;393;3;0;4;0;0.597;1.868;1
2356;393;4;0;4;1;0.597;1.868;1
2357;393;5;1;4;1;0.597;1.868;1
2358;393;6;1;4;1;0.597;1.868;1
2359;394;1;0;4;0;1.2869;0.3257;1
2360;394;2;0;4;0;1.2869;0.3257;1
2361;394;3;1;4;0;1.2869;0.3257;1
2362;394;4;1;4;1;1.2869;0.3257;1
2363;394;5;0;4;1;1.2869;0.3257;1
2364;394;6;1;4;1;1.2869;0.3257;1
2365;395;1;0;4;0;-0.8351;-1.4638;0
2366;395;2;1;4;0;-0.8351;-1.4638;0
2367;395;3;0;4;0;-0.8351;-1.4638;0
2368;395;4;1;4;1;-0.8351;-1.4638;0
2369;395;5;0;4;1;-0.8351;-1.4638;0
2370;395;6;1;4;1;-0.8351;-1.4638;0
2371;396;1;1;4;0;-0.1794;-0.9115;0
2372;396;2;0;4;0;-0.1794;-0.9115;0
2373;396;3;0;4;0;-0.1794;-0.9115;0
2374;396;4;0;4;1;-0.1794;-0.9115;0
2375;396;5;0;4;1;-0.1794;-0.9115;0
2376;396;6;1;4;1;-0.1794;-0.9115;0
2377;397;1;1;4;0;0.0267;0.0866;1
2378;397;2;0;4;0;0.0267;0.0866;1
2379;397;3;0;4;0;0.0267;0.0866;1
2380;397;4;0;4;1;0.0267;0.0866;1
2381;397;5;0;4;1;0.0267;0.0866;1
2382;397;6;0;4;1;0.0267;0.0866;1
2383;398;1;0;4;0;-0.3183;-0.1187;1
2384;398;2;0;4;0;-0.3183;-0.1187;1
2385;398;3;1;4;0;-0.3183;-0.1187;1
2386;398;4;1;4;1;-0.3183;-0.1187;1
2387;398;5;1;4;1;-0.3183;-0.1187;1
2388;398;6;0;4;1;-0.3183;-0.1187;1
2389;399;1;0;4;0;0.1198;-0.471;0
2390;399;2;1;4;0;0.1198;-0.471;0
2391;399;3;0;4;0;0.1198;-0.471;0
2392;399;4;0;4;1;0.1198;-0.471;0
2393;399;5;0;4;1;0.1198;-0.471;0
2394;399;6;1;4;1;0.1198;-0.471;0
2395;400;1;1;4;0;0.5637;1.6266;0
2396;400;2;0;4;0;0.5637;1.6266;0
2397;400;3;0;4;0;0.5637;1.6266;0
2398;400;4;1;4;1;0.5637;1.6266;0
2399;400;5;0;4;1;0.5637;1.6266;0
2400;400;6;1;4;1;0.5637;1.6266;0
2401;401;1;0;4;0;-0.064;-0.0753;0
2402;401;2;0;4;0;-0.064;-0.0753;0
2403;401;3;0;4;0;-0.064;-0.0753;0
2404;401;4;1;4;1;-0.064;-0.0753;0
2405;401;5;0;4;1;-0.064;-0.0753;0
2406;401;6;1;4;1;-0.064;-0.0753;0
2407;402;1;1;4;0;0.5444;0.7863;0
2408;402;2;1;4;0;0.5444;0.7863;0
2409;402;3;1;4;0;0.5444;0.7863;0
2410;402;4;1;4;1;0.5444;0.7863;0
2411;402;5;0;4;1;0.5444;0.7863;0
2412;402;6;1;4;1;0.5444;0.7863;0
2413;403;1;1;4;0;0.7761;0.0205;0
2414;403;2;0;4;0;0.7761;0.0205;0
2415;403;3;0;4;0;0.7761;0.0205;0
2416;403;4;1;4;1;0.7761;0.0205;0
2417;403;5;0;4;1;0.7761;0.0205;0
2418;403;6;1;4;1;0.7761;0.0205;0
2419;404;1;0;4;0;0.2137;0.2203;0
2420;404;2;0;4;0;0.2137;0.2203;0
2421;404;3;1;4;0;0.2137;0.2203;0
2422;404;4;1;4;1;0.2137;0.2203;0
2423;404;5;0;4;1;0.2137;0.2203;0
2424;404;6;0;4;1;0.2137;0.2203;0
2425;405;1;0;4;0;-0.3955;-0.2673;0
2426;405;2;0;4;0;-0.3955;-0.2673;0
2427;405;3;0;4;0;-0.3955;-0.2673;0
2428;405;4;0;4;1;-0.3955;-0.2673;0
2429;405;5;0;4;1;-0.3955;-0.2673;0
2430;405;6;1;4;1;-0.3955;-0.2673;0
2431;406;1;0;4;0;0.4428;0.7272;1
2432;406;2;1;4;0;0.4428;0.7272;1
2433;406;3;1;4;0;0.4428;0.7272;1
2434;406;4;0;4;1;0.4428;0.7272;1
2435;406;5;1;4;1;0.4428;0.7272;1
2436;406;6;0;4;1;0.4428;0.7272;1
2437;407;1;1;4;0;0.497;-0.2565;0
2438;407;2;1;4;0;0.497;-0.2565;0
2439;407;3;0;4;0;0.497;-0.2565;0
2440;407;4;1;4;1;0.497;-0.2565;0
2441;407;5;1;4;1;0.497;-0.2565;0
2442;407;6;1;4;1;0.497;-0.2565;0
2443;408;1;0;4;0;-0.3381;-1.5401;1
2444;408;2;0;4;0;-0.3381;-1.5401;1
2445;408;3;0;4;0;-0.3381;-1.5401;1
2446;408;4;1;4;1;-0.3381;-1.5401;1
2447;408;5;1;4;1;-0.3381;-1.5401;1
2448;408;6;0;4;1;-0.3381;-1.5401;1
2449;409;1;0;4;0;0.3698;-0.1082;0
2450;409;2;0;4;0;0.3698;-0.1082;0
2451;409;3;0;4;0;0.3698;-0.1082;0
2452;409;4;0;4;1;0.3698;-0.1082;0
2453;409;5;1;4;1;0.3698;-0.1082;0
2454;409;6;1;4;1;0.3698;-0.1082;0
2455;410;1;0;4;0;0.7982;0.9683;1
2456;410;2;0;4;0;0.7982;0.9683;1
2457;410;3;0;4;0;0.7982;0.9683;1
2458;410;4;1;4;1;0.7982;0.9683;1
2459;410;5;1;4;1;0.7982;0.9683;1
2460;410;6;1;4;1;0.7982;0.9683;1
2461;411;1;0;4;0;0.7918;0.6409;1
2462;411;2;0;4;0;0.7918;0.6409;1
2463;411;3;1;4;0;0.7918;0.6409;1
2464;411;4;1;4;1;0.7918;0.6409;1
2465;411;5;1;4;1;0.7918;0.6409;1
2466;411;6;0;4;1;0.7918;0.6409;1
2467;412;1;0;4;0;0.4693;1.2157;0
2468;412;2;0;4;0;0.4693;1.2157;0
2469;412;3;0;4;0;0.4693;1.2157;0
2470;412;4;0;4;1;0.4693;1.2157;0
2471;412;5;1;4;1;0.4693;1.2157;0
2472;412;6;0;4;1;0.4693;1.2157;0
2473;413;1;0;4;0;-0.5854;0.0958;0
2474;413;2;1;4;0;-0.5854;0.0958;0
2475;413;3;1;4;0;-0.5854;0.0958;0
2476;413;4;0;4;1;-0.5854;0.0958;0
2477;413;5;0;4;1;-0.5854;0.0958;0
2478;413;6;0;4;1;-0.5854;0.0958;0
2479;414;1;1;4;0;0.4953;-0.0115;0
2480;414;2;1;4;0;0.4953;-0.0115;0
2481;414;3;0;4;0;0.4953;-0.0115;0
2482;414;4;1;4;1;0.4953;-0.0115;0
2483;414;5;0;4;1;0.4953;-0.0115;0
2484;414;6;0;4;1;0.4953;-0.0115;0
2485;415;1;0;4;0;0.8767;1.572;0
2486;415;2;1;4;0;0.8767;1.572;0
2487;415;3;0;4;0;0.8767;1.572;0
2488;415;4;0;4;1;0.8767;1.572;0
2489;415;5;1;4;1;0.8767;1.572;0
2490;415;6;1;4;1;0.8767;1.572;0
2491;416;1;0;4;0;0.1706;0.9365;0
2492;416;2;0;4;0;0.1706;0.9365;0
2493;416;3;1;4;0;0.1706;0.9365;0
2494;416;4;1;4;1;0.1706;0.9365;0
2495;416;5;1;4;1;0.1706;0.9365;0
2496;416;6;0;4;1;0.1706;0.9365;0
2497;417;1;1;4;0;-0.4277;-1.468;0
2498;417;2;0;4;0;-0.4277;-1.468;0
2499;417;3;1;4;0;-0.4277;-1.468;0
2500;417;4;0;4;1;-0.4277;-1.468;0
2501;417;5;0;4;1;-0.4277;-1.468;0
2502;417;6;1;4;1;-0.4277;-1.468;0
2503;418;1;0;4;0;-0.0705;-0.3551;1
2504;418;2;0;4;0;-0.0705;-0.3551;1
2505;418;3;1;4;0;-0.0705;-0.3551;1
2506;418;4;1;4;1;-0.0705;-0.3551;1
2507;418;5;1;4;1;-0.0705;-0.3551;1
2508;418;6;0;4;1;-0.0705;-0.3551;1
2509;419;1;1;4;0;0.4459;0.8042;0
2510;419;2;0;4;0;0.4459;0.8042;0
2511;419;3;0;4;0;0.4459;0.8042;0
2512;419;4;0;4;1;0.4459;0.8042;0
2513;419;5;1;4;1;0.4459;0.8042;0
2514;419;6;0;4;1;0.4459;0.8042;0
2515;420;1;0;4;0;-0.4953;-1.0593;1
2516;420;2;0;4;0;-0.4953;-1.0593;1
2517;420;3;0;4;0;-0.4953;-1.0593;1
2518;420;4;0;4;1;-0.4953;-1.0593;1
2519;420;5;1;4;1;-0.4953;-1.0593;1
2520;420;6;1;4;1;-0.4953;-1.0593;1
2521;421;1;0;4;0;0.287;1.5718;0
2522;421;2;1;4;0;0.287;1.5718;0
2523;421;3;0;4;0;0.287;1.5718;0
2524;421;4;1;4;1;0.287;1.5718;0
2525;421;5;0;4;1;0.287;1.5718;0
2526;421;6;1;4;1;0.287;1.5718;0
2527;422;1;0;4;0;-0.3207;-0.5967;1
2528;422;2;0;4;0;-0.3207;-0.5967;1
2529;422;3;1;4;0;-0.3207;-0.5967;1
2530;422;4;0;4;1;-0.3207;-0.5967;1
2531;422;5;0;4;1;-0.3207;-0.5967;1
2532;422;6;0;4;1;-0.3207;-0.5967;1
2533;423;1;0;4;0;-0.6313;-0.1436;0
2534;423;2;1;4;0;-0.6313;-0.1436;0
2535;423;3;0;4;0;-0.6313;-0.1436;0
2536;423;4;0;4;1;-0.6313;-0.1436;0
2537;423;5;1;4;1;-0.6313;-0.1436;0
2538;423;6;0;4;1;-0.6313;-0.1436;0
2539;424;1;0;4;0;-0.096;-1.0774;0
2540;424;2;0;4;0;-0.096;-1.0774;0
2541;424;3;1;4;0;-0.096;-1.0774;0
2542;424;4;1;4;1;-0.096;-1.0774;0
2543;424;5;1;4;1;-0.096;-1.0774;0
2544;424;6;1;4;1;-0.096;-1.0774;0
2545;425;1;0;4;0;-0.3245;0.0455;0
2546;425;2;1;4;0;-0.3245;0.0455;0
2547;425;3;0;4;0;-0.3245;0.0455;0
2548;425;4;1;4;1;-0.3245;0.0455;0
2549;425;5;1;4;1;-0.3245;0.0455;0
2550;425;6;0;4;1;-0.3245;0.0455;0
2551;426;1;1;4;0;0.8541;2.4428;1
2552;426;2;0;4;0;0.8541;2.4428;1
2553;426;3;1;4;0;0.8541;2.4428;1
2554;426;4;0;4;1;0.8541;2.4428;1
2555;426;5;0;4;1;0.8541;2.4428;1
2556;426;6;1;4;1;0.8541;2.4428;1
2557;427;1;0;4;0;-0.6579;0.0016;0
2558;427;2;0;4;0;-0.6579;0.0016;0
2559;427;3;0;4;0;-0.6579;0.0016;0
2560;427;4;0;4;1;-0.6579;0.0016;0
2561;427;5;0;4;1;-0.6579;0.0016;0
2562;427;6;0;4;1;-0.6579;0.0016;0
2563;428;1;1;4;0;-0.4014;-0.2897;1
2564;428;2;0;4;0;-0.4014;-0.2897;1
2565;428;3;0;4;0;-0.4014;-0.2897;1
2566;428;4;0;4;1;-0.4014;-0.2897;1
2567;428;5;0;4;1;-0.4014;-0.2897;1
2568;428;6;0;4;1;-0.4014;-0.2897;1
2569;429;1;0;4;0;0.1148;0.0187;1
2570;429;2;0;4;0;0.1148;0.0187;1
2571;429;3;0;4;0;0.1148;0.0187;1
2572;429;4;0;4;1;0.1148;0.0187;1
2573;429;5;1;4;1;0.1148;0.0187;1
2574;429;6;0;4;1;0.1148;0.0187;1
2575;430;1;0;4;0;0.8493;1.5031;1
2576;430;2;1;4;0;0.8493;1.5031;1
2577;430;3;1;4;0;0.8493;1.5031;1
2578;430;4;1;4;1;0.8493;1.5031;1
2579;430;5;0;4;1;0.8493;1.5031;1
2580;430;6;1;4;1;0.8493;1.5031;1
2581;431;1;1;4;0;0.3727;-0.223;1
2582;431;2;1;4;0;0.3727;-0.223;1
2583;431;3;0;4;0;0.3727;-0.223;1
2584;431;4;1;4;1;0.3727;-0.223;1
2585;431;5;1;4;1;0.3727;-0.223;1
2586;431;6;1;4;1;0.3727;-0.223;1
2587;432;1;1;4;0;0.3379;-1.1212;0
2588;432;2;0;4;0;0.3379;-1.1212;0
2589;432;3;1;4;0;0.3379;-1.1212;0
2590;432;4;0;4;1;0.3379;-1.1212;0
2591;432;5;0;4;1;0.3379;-1.1212;0
2592;432;6;0;4;1;0.3379;-1.1212;0
2593;433;1;0;5;0;0.167;-0.7428;1
2594;433;2;1;5;0;0.167;-0.7428;1
2595;433;3;1;5;0;0.167;-0.7428;1
2596;433;4;1;5;0;0.167;-0.7428;1
2597;433;5;1;5;1;0.167;-0.7428;1
2598;433;6;0;5;1;0.167;-0.7428;1
2599;434;1;0;5;0;-0.7474;1.1392;1
2600;434;2;0;5;0;-0.7474;1.1392;1
2601;434;3;1;5;0;-0.7474;1.1392;1
2602;434;4;0;5;0;-0.7474;1.1392;1
2603;434;5;1;5;1;-0.7474;1.1392;1
2604;434;6;1;5;1;-0.7474;1.1392;1
2605;435;1;0;5;0;-0.0501;1.2433;0
2606;435;2;0;5;0;-0.0501;1.2433;0
2607;435;3;0;5;0;-0.0501;1.2433;0
2608;435;4;0;5;0;-0.0501;1.2433;0
2609;435;5;0;5;1;-0.0501;1.2433;0
2610;435;6;0;5;1;-0.0501;1.2433;0
2611;436;1;1;5;0;0.0278;0.0761;0
2612;436;2;0;5;0;0.0278;0.0761;0
2613;436;3;0;5;0;0.0278;0.0761;0
2614;436;4;1;5;0;0.0278;0.0761;0
2615;436;5;1;5;1;0.0278;0.0761;0
2616;436;6;1;5;1;0.0278;0.0761;0
2617;437;1;0;5;0;-0.1174;-0.7825;0
2618;437;2;0;5;0;-0.1174;-0.7825;0
2619;437;3;0;5;0;-0.1174;-0.7825;0
2620;437;4;0;5;0;-0.1174;-0.7825;0
2621;437;5;1;5;1;-0.1174;-0.7825;0
2622;437;6;1;5;1;-0.1174;-0.7825;0
2623;438;1;0;5;0;-1.8594;-2.3104;1
2624;438;2;0;5;0;-1.8594;-2.3104;1
2625;438;3;0;5;0;-1.8594;-2.3104;1
2626;438;4;0;5;0;-1.8594;-2.3104;1
2627;438;5;0;5;1;-1.8594;-2.3104;1
2628;438;6;0;5;1;-1.8594;-2.3104;1
2629;439;1;0;5;0;-0.1824;0.14;1
2630;439;2;0;5;0;-0.1824;0.14;1
2631;439;3;0;5;0;-0.1824;0.14;1
2632;439;4;0;5;0;-0.1824;0.14;1
2633;439;5;0;5;1;-0.1824;0.14;1
2634;439;6;1;5;1;-0.1824;0.14;1
2635;440;1;1;5;0;0.5388;0.083;0
2636;440;2;0;5;0;0.5388;0.083;0
2637;440;3;1;5;0;0.5388;0.083;0
2638;440;4;0;5;0;0.5388;0.083;0
2639;440;5;1;5;1;0.5388;0.083;0
2640;440;6;0;5;1;0.5388;0.083;0
2641;441;1;0;5;0;0.2702;0.1724;0
2642;441;2;1;5;0;0.2702;0.1724;0
2643;441;3;0;5;0;0.2702;0.1724;0
2644;441;4;0;5;0;0.2702;0.1724;0
2645;441;5;0;5;1;0.2702;0.1724;0
2646;441;6;1;5;1;0.2702;0.1724;0
2647;442;1;0;5;0;0.7495;-0.967;0
2648;442;2;1;5;0;0.7495;-0.967;0
2649;442;3;1;5;0;0.7495;-0.967;0
2650;442;4;1;5;0;0.7495;-0.967;0
2651;442;5;0;5;1;0.7495;-0.967;0
2652;442;6;1;5;1;0.7495;-0.967;0
2653;443;1;0;5;0;-0.4278;-1.4463;1
2654;443;2;1;5;0;-0.4278;-1.4463;1
2655;443;3;1;5;0;-0.4278;-1.4463;1
2656;443;4;0;5;0;-0.4278;-1.4463;1
2657;443;5;0;5;1;-0.4278;-1.4463;1
2658;443;6;0;5;1;-0.4278;-1.4463;1
2659;444;1;0;5;0;0.3989;0.7703;0
2660;444;2;1;5;0;0.3989;0.7703;0
2661;444;3;0;5;0;0.3989;0.7703;0
2662;444;4;1;5;0;0.3989;0.7703;0
2663;444;5;0;5;1;0.3989;0.7703;0
2664;444;6;1;5;1;0.3989;0.7703;0
2665;445;1;0;5;0;-0.0954;-1.7537;0
2666;445;2;0;5;0;-0.0954;-1.7537;0
2667;445;3;0;5;0;-0.0954;-1.7537;0
2668;445;4;1;5;0;-0.0954;-1.7537;0
2669;445;5;0;5;1;-0.0954;-1.7537;0
2670;445;6;0;5;1;-0.0954;-1.7537;0
2671;446;1;0;5;0;0.0654;0.5185;0
2672;446;2;0;5;0;0.0654;0.5185;0
2673;446;3;0;5;0;0.0654;0.5185;0
2674;446;4;0;5;0;0.0654;0.5185;0
2675;446;5;1;5;1;0.0654;0.5185;0
2676;446;6;0;5;1;0.0654;0.5185;0
2677;447;1;0;5;0;-0.7686;-0.9489;0
2678;447;2;0;5;0;-0.7686;-0.9489;0
2679;447;3;0;5;0;-0.7686;-0.9489;0
2680;447;4;0;5;0;-0.7686;-0.9489;0
2681;447;5;0;5;1;-0.7686;-0.9489;0
2682;447;6;1;5;1;-0.7686;-0.9489;0
2683;448;1;1;5;0;-0.0524;0.9819;0
2684;448;2;1;5;0;-0.0524;0.9819;0
2685;448;3;1;5;0;-0.0524;0.9819;0
2686;448;4;0;5;0;-0.0524;0.9819;0
2687;448;5;1;5;1;-0.0524;0.9819;0
2688;448;6;0;5;1;-0.0524;0.9819;0
2689;449;1;0;5;0;-0.3263;-0.1894;1
2690;449;2;1;5;0;-0.3263;-0.1894;1
2691;449;3;0;5;0;-0.3263;-0.1894;1
2692;449;4;1;5;0;-0.3263;-0.1894;1
2693;449;5;0;5;1;-0.3263;-0.1894;1
2694;449;6;1;5;1;-0.3263;-0.1894;1
2695;450;1;0;5;0;0.1645;-5.00E-04;1
2696;450;2;1;5;0;0.1645;-5.00E-04;1
2697;450;3;0;5;0;0.1645;-5.00E-04;1
2698;450;4;1;5;0;0.1645;-5.00E-04;1
2699;450;5;0;5;1;0.1645;-5.00E-04;1
2700;450;6;1;5;1;0.1645;-5.00E-04;1
2701;451;1;0;5;0;0.4597;1.361;0
2702;451;2;0;5;0;0.4597;1.361;0
2703;451;3;1;5;0;0.4597;1.361;0
2704;451;4;0;5;0;0.4597;1.361;0
2705;451;5;0;5;1;0.4597;1.361;0
2706;451;6;1;5;1;0.4597;1.361;0
2707;452;1;0;5;0;-0.1518;0.967;1
2708;452;2;0;5;0;-0.1518;0.967;1
2709;452;3;0;5;0;-0.1518;0.967;1
2710;452;4;0;5;0;-0.1518;0.967;1
2711;452;5;0;5;1;-0.1518;0.967;1
2712;452;6;0;5;1;-0.1518;0.967;1
2713;453;1;1;5;0;-0.2219;-0.5245;1
2714;453;2;1;5;0;-0.2219;-0.5245;1
2715;453;3;0;5;0;-0.2219;-0.5245;1
2716;453;4;0;5;0;-0.2219;-0.5245;1
2717;453;5;0;5;1;-0.2219;-0.5245;1
2718;453;6;0;5;1;-0.2219;-0.5245;1
2719;454;1;0;5;0;-0.2015;0.0556;0
2720;454;2;0;5;0;-0.2015;0.0556;0
2721;454;3;0;5;0;-0.2015;0.0556;0
2722;454;4;0;5;0;-0.2015;0.0556;0
2723;454;5;0;5;1;-0.2015;0.0556;0
2724;454;6;1;5;1;-0.2015;0.0556;0
2725;455;1;0;5;0;-0.5672;-2.5256;0
2726;455;2;1;5;0;-0.5672;-2.5256;0
2727;455;3;0;5;0;-0.5672;-2.5256;0
2728;455;4;0;5;0;-0.5672;-2.5256;0
2729;455;5;1;5;1;-0.5672;-2.5256;0
2730;455;6;0;5;1;-0.5672;-2.5256;0
2731;456;1;0;5;0;-0.0964;1.3302;1
2732;456;2;1;5;0;-0.0964;1.3302;1
2733;456;3;1;5;0;-0.0964;1.3302;1
2734;456;4;1;5;0;-0.0964;1.3302;1
2735;456;5;1;5;1;-0.0964;1.3302;1
2736;456;6;0;5;1;-0.0964;1.3302;1
2737;457;1;1;5;0;-0.3644;-1.6519;0
2738;457;2;0;5;0;-0.3644;-1.6519;0
2739;457;3;0;5;0;-0.3644;-1.6519;0
2740;457;4;1;5;0;-0.3644;-1.6519;0
2741;457;5;0;5;1;-0.3644;-1.6519;0
2742;457;6;1;5;1;-0.3644;-1.6519;0
2743;458;1;1;5;0;-0.1221;1.8849;0
2744;458;2;0;5;0;-0.1221;1.8849;0
2745;458;3;1;5;0;-0.1221;1.8849;0
2746;458;4;0;5;0;-0.1221;1.8849;0
2747;458;5;0;5;1;-0.1221;1.8849;0
2748;458;6;0;5;1;-0.1221;1.8849;0
2749;459;1;1;5;0;1.12;-0.2743;1
2750;459;2;1;5;0;1.12;-0.2743;1
2751;459;3;1;5;0;1.12;-0.2743;1
2752;459;4;1;5;0;1.12;-0.2743;1
2753;459;5;0;5;1;1.12;-0.2743;1
2754;459;6;1;5;1;1.12;-0.2743;1
2755;460;1;0;5;0;1.3635;2.0003;0
2756;460;2;1;5;0;1.3635;2.0003;0
2757;460;3;0;5;0;1.3635;2.0003;0
2758;460;4;1;5;0;1.3635;2.0003;0
2759;460;5;1;5;1;1.3635;2.0003;0
2760;460;6;1;5;1;1.3635;2.0003;0
2761;461;1;0;5;0;-0.6589;-1.2639;0
2762;461;2;1;5;0;-0.6589;-1.2639;0
2763;461;3;0;5;0;-0.6589;-1.2639;0
2764;461;4;0;5;0;-0.6589;-1.2639;0
2765;461;5;1;5;1;-0.6589;-1.2639;0
2766;461;6;0;5;1;-0.6589;-1.2639;0
2767;462;1;0;5;0;-0.9055;-1.5204;0
2768;462;2;0;5;0;-0.9055;-1.5204;0
2769;462;3;0;5;0;-0.9055;-1.5204;0
2770;462;4;1;5;0;-0.9055;-1.5204;0
2771;462;5;0;5;1;-0.9055;-1.5204;0
2772;462;6;1;5;1;-0.9055;-1.5204;0
2773;463;1;0;5;0;-0.6233;0.0293;1
2774;463;2;1;5;0;-0.6233;0.0293;1
2775;463;3;0;5;0;-0.6233;0.0293;1
2776;463;4;1;5;0;-0.6233;0.0293;1
2777;463;5;0;5;1;-0.6233;0.0293;1
2778;463;6;0;5;1;-0.6233;0.0293;1
2779;464;1;0;5;0;0.2701;-0.0582;1
2780;464;2;0;5;0;0.2701;-0.0582;1
2781;464;3;1;5;0;0.2701;-0.0582;1
2782;464;4;0;5;0;0.2701;-0.0582;1
2783;464;5;0;5;1;0.2701;-0.0582;1
2784;464;6;0;5;1;0.2701;-0.0582;1
2785;465;1;0;5;0;0.216;0.121;1
2786;465;2;0;5;0;0.216;0.121;1
2787;465;3;0;5;0;0.216;0.121;1
2788;465;4;1;5;0;0.216;0.121;1
2789;465;5;1;5;1;0.216;0.121;1
2790;465;6;0;5;1;0.216;0.121;1
2791;466;1;1;5;0;0.3693;-0.8563;1
2792;466;2;1;5;0;0.3693;-0.8563;1
2793;466;3;0;5;0;0.3693;-0.8563;1
2794;466;4;1;5;0;0.3693;-0.8563;1
2795;466;5;0;5;1;0.3693;-0.8563;1
2796;466;6;1;5;1;0.3693;-0.8563;1
2797;467;1;0;5;0;0.7307;2.1693;1
2798;467;2;0;5;0;0.7307;2.1693;1
2799;467;3;1;5;0;0.7307;2.1693;1
2800;467;4;0;5;0;0.7307;2.1693;1
2801;467;5;1;5;1;0.7307;2.1693;1
2802;467;6;1;5;1;0.7307;2.1693;1
2803;468;1;0;5;0;-1.3808;-0.7722;1
2804;468;2;0;5;0;-1.3808;-0.7722;1
2805;468;3;0;5;0;-1.3808;-0.7722;1
2806;468;4;0;5;0;-1.3808;-0.7722;1
2807;468;5;0;5;1;-1.3808;-0.7722;1
2808;468;6;0;5;1;-1.3808;-0.7722;1
2809;469;1;0;5;0;-0.236;-1.441;1
2810;469;2;0;5;0;-0.236;-1.441;1
2811;469;3;0;5;0;-0.236;-1.441;1
2812;469;4;0;5;0;-0.236;-1.441;1
2813;469;5;0;5;1;-0.236;-1.441;1
2814;469;6;0;5;1;-0.236;-1.441;1
2815;470;1;0;5;0;0.3799;0.3334;0
2816;470;2;1;5;0;0.3799;0.3334;0
2817;470;3;0;5;0;0.3799;0.3334;0
2818;470;4;1;5;0;0.3799;0.3334;0
2819;470;5;0;5;1;0.3799;0.3334;0
2820;470;6;1;5;1;0.3799;0.3334;0
2821;471;1;1;5;0;-0.2571;0.1535;1
2822;471;2;0;5;0;-0.2571;0.1535;1
2823;471;3;0;5;0;-0.2571;0.1535;1
2824;471;4;0;5;0;-0.2571;0.1535;1
2825;471;5;0;5;1;-0.2571;0.1535;1
2826;471;6;1;5;1;-0.2571;0.1535;1
2827;472;1;1;5;0;-0.0692;1.3311;0
2828;472;2;1;5;0;-0.0692;1.3311;0
2829;472;3;1;5;0;-0.0692;1.3311;0
2830;472;4;0;5;0;-0.0692;1.3311;0
2831;472;5;0;5;1;-0.0692;1.3311;0
2832;472;6;1;5;1;-0.0692;1.3311;0
2833;473;1;1;5;0;1.3199;1.5841;0
2834;473;2;1;5;0;1.3199;1.5841;0
2835;473;3;1;5;0;1.3199;1.5841;0
2836;473;4;1;5;0;1.3199;1.5841;0
2837;473;5;0;5;1;1.3199;1.5841;0
2838;473;6;1;5;1;1.3199;1.5841;0
2839;474;1;1;5;0;-0.7566;-1.9337;1
2840;474;2;0;5;0;-0.7566;-1.9337;1
2841;474;3;0;5;0;-0.7566;-1.9337;1
2842;474;4;1;5;0;-0.7566;-1.9337;1
2843;474;5;1;5;1;-0.7566;-1.9337;1
2844;474;6;0;5;1;-0.7566;-1.9337;1
2845;475;1;1;5;0;-1.056;-2.1224;0
2846;475;2;0;5;0;-1.056;-2.1224;0
2847;475;3;0;5;0;-1.056;-2.1224;0
2848;475;4;0;5;0;-1.056;-2.1224;0
2849;475;5;0;5;1;-1.056;-2.1224;0
2850;475;6;0;5;1;-1.056;-2.1224;0
2851;476;1;1;5;0;0.4179;0.9362;0
2852;476;2;0;5;0;0.4179;0.9362;0
2853;476;3;0;5;0;0.4179;0.9362;0
2854;476;4;0;5;0;0.4179;0.9362;0
2855;476;5;1;5;1;0.4179;0.9362;0
2856;476;6;1;5;1;0.4179;0.9362;0
2857;477;1;0;5;0;-0.805;0.1724;0
2858;477;2;0;5;0;-0.805;0.1724;0
2859;477;3;0;5;0;-0.805;0.1724;0
2860;477;4;0;5;0;-0.805;0.1724;0
2861;477;5;0;5;1;-0.805;0.1724;0
2862;477;6;0;5;1;-0.805;0.1724;0
2863;478;1;0;5;0;-0.0516;0.3885;0
2864;478;2;0;5;0;-0.0516;0.3885;0
2865;478;3;0;5;0;-0.0516;0.3885;0
2866;478;4;0;5;0;-0.0516;0.3885;0
2867;478;5;1;5;1;-0.0516;0.3885;0
2868;478;6;1;5;1;-0.0516;0.3885;0
2869;479;1;0;5;0;-0.9532;-0.9062;1
2870;479;2;0;5;0;-0.9532;-0.9062;1
2871;479;3;1;5;0;-0.9532;-0.9062;1
2872;479;4;0;5;0;-0.9532;-0.9062;1
2873;479;5;0;5;1;-0.9532;-0.9062;1
2874;479;6;1;5;1;-0.9532;-0.9062;1
2875;480;1;0;5;0;0.1185;1.1797;1
2876;480;2;0;5;0;0.1185;1.1797;1
2877;480;3;0;5;0;0.1185;1.1797;1
2878;480;4;0;5;0;0.1185;1.1797;1
2879;480;5;0;5;1;0.1185;1.1797;1
2880;480;6;0;5;1;0.1185;1.1797;1
2881;481;1;0;5;0;0.0538;-0.7391;0
2882;481;2;0;5;0;0.0538;-0.7391;0
2883;481;3;1;5;0;0.0538;-0.7391;0
2884;481;4;0;5;0;0.0538;-0.7391;0
2885;481;5;0;5;1;0.0538;-0.7391;0
2886;481;6;1;5;1;0.0538;-0.7391;0
2887;482;1;0;5;0;0.279;-0.9113;1
2888;482;2;0;5;0;0.279;-0.9113;1
2889;482;3;0;5;0;0.279;-0.9113;1
2890;482;4;0;5;0;0.279;-0.9113;1
2891;482;5;1;5;1;0.279;-0.9113;1
2892;482;6;0;5;1;0.279;-0.9113;1
2893;483;1;0;5;0;-0.5505;-1.7951;0
2894;483;2;0;5;0;-0.5505;-1.7951;0
2895;483;3;0;5;0;-0.5505;-1.7951;0
2896;483;4;1;5;0;-0.5505;-1.7951;0
2897;483;5;0;5;1;-0.5505;-1.7951;0
2898;483;6;1;5;1;-0.5505;-1.7951;0
2899;484;1;0;5;0;0.1253;-0.239;1
2900;484;2;0;5;0;0.1253;-0.239;1
2901;484;3;1;5;0;0.1253;-0.239;1
2902;484;4;0;5;0;0.1253;-0.239;1
2903;484;5;1;5;1;0.1253;-0.239;1
2904;484;6;1;5;1;0.1253;-0.239;1
2905;485;1;0;5;0;-0.2065;0.0072;1
2906;485;2;0;5;0;-0.2065;0.0072;1
2907;485;3;0;5;0;-0.2065;0.0072;1
2908;485;4;1;5;0;-0.2065;0.0072;1
2909;485;5;0;5;1;-0.2065;0.0072;1
2910;485;6;1;5;1;-0.2065;0.0072;1
2911;486;1;0;5;0;-0.5293;0.3362;0
2912;486;2;0;5;0;-0.5293;0.3362;0
2913;486;3;0;5;0;-0.5293;0.3362;0
2914;486;4;1;5;0;-0.5293;0.3362;0
2915;486;5;0;5;1;-0.5293;0.3362;0
2916;486;6;1;5;1;-0.5293;0.3362;0
2917;487;1;0;5;0;-0.4951;-1.947;0
2918;487;2;0;5;0;-0.4951;-1.947;0
2919;487;3;0;5;0;-0.4951;-1.947;0
2920;487;4;0;5;0;-0.4951;-1.947;0
2921;487;5;0;5;1;-0.4951;-1.947;0
2922;487;6;1;5;1;-0.4951;-1.947;0
2923;488;1;0;5;0;-0.7402;0.0138;0
2924;488;2;0;5;0;-0.7402;0.0138;0
2925;488;3;0;5;0;-0.7402;0.0138;0
2926;488;4;0;5;0;-0.7402;0.0138;0
2927;488;5;0;5;1;-0.7402;0.0138;0
2928;488;6;0;5;1;-0.7402;0.0138;0
2929;489;1;1;5;0;-0.066;-0.2403;0
2930;489;2;0;5;0;-0.066;-0.2403;0
2931;489;3;0;5;0;-0.066;-0.2403;0
2932;489;4;0;5;0;-0.066;-0.2403;0
2933;489;5;0;5;1;-0.066;-0.2403;0
2934;489;6;1;5;1;-0.066;-0.2403;0
2935;490;1;0;5;0;0.2519;0.188;0
2936;490;2;0;5;0;0.2519;0.188;0
2937;490;3;1;5;0;0.2519;0.188;0
2938;490;4;1;5;0;0.2519;0.188;0
2939;490;5;1;5;1;0.2519;0.188;0
2940;490;6;0;5;1;0.2519;0.188;0
2941;491;1;0;5;0;-0.547;-0.9249;0
2942;491;2;1;5;0;-0.547;-0.9249;0
2943;491;3;0;5;0;-0.547;-0.9249;0
2944;491;4;1;5;0;-0.547;-0.9249;0
2945;491;5;1;5;1;-0.547;-0.9249;0
2946;491;6;0;5;1;-0.547;-0.9249;0
2947;492;1;0;5;0;-0.5113;-0.8978;1
2948;492;2;0;5;0;-0.5113;-0.8978;1
2949;492;3;0;5;0;-0.5113;-0.8978;1
2950;492;4;0;5;0;-0.5113;-0.8978;1
2951;492;5;1;5;1;-0.5113;-0.8978;1
2952;492;6;0;5;1;-0.5113;-0.8978;1
2953;493;1;0;5;0;-0.6487;-1.8004;0
2954;493;2;1;5;0;-0.6487;-1.8004;0
2955;493;3;0;5;0;-0.6487;-1.8004;0
2956;493;4;1;5;0;-0.6487;-1.8004;0
2957;493;5;0;5;1;-0.6487;-1.8004;0
2958;493;6;0;5;1;-0.6487;-1.8004;0
2959;494;1;0;5;0;0.6469;1.873;1
2960;494;2;1;5;0;0.6469;1.873;1
2961;494;3;1;5;0;0.6469;1.873;1
2962;494;4;1;5;0;0.6469;1.873;1
2963;494;5;1;5;1;0.6469;1.873;1
2964;494;6;1;5;1;0.6469;1.873;1
2965;495;1;1;5;0;1.0109;0.5715;0
2966;495;2;1;5;0;1.0109;0.5715;0
2967;495;3;1;5;0;1.0109;0.5715;0
2968;495;4;1;5;0;1.0109;0.5715;0
2969;495;5;0;5;1;1.0109;0.5715;0
2970;495;6;1;5;1;1.0109;0.5715;0
2971;496;1;0;5;0;0.4358;-0.7735;0
2972;496;2;1;5;0;0.4358;-0.7735;0
2973;496;3;0;5;0;0.4358;-0.7735;0
2974;496;4;1;5;0;0.4358;-0.7735;0
2975;496;5;0;5;1;0.4358;-0.7735;0
2976;496;6;0;5;1;0.4358;-0.7735;0
2977;497;1;1;5;0;0.186;2.6779;1
2978;497;2;1;5;0;0.186;2.6779;1
2979;497;3;1;5;0;0.186;2.6779;1
2980;497;4;1;5;0;0.186;2.6779;1
2981;497;5;1;5;1;0.186;2.6779;1
2982;497;6;0;5;1;0.186;2.6779;1
2983;498;1;0;5;0;-0.4502;-0.3692;0
2984;498;2;0;5;0;-0.4502;-0.3692;0
2985;498;3;0;5;0;-0.4502;-0.3692;0
2986;498;4;0;5;0;-0.4502;-0.3692;0
2987;498;5;0;5;1;-0.4502;-0.3692;0
2988;498;6;0;5;1;-0.4502;-0.3692;0
2989;499;1;0;0;0;-0.118;0.4141;1
2990;499;2;0;0;0;-0.118;0.4141;1
2991;499;3;0;0;0;-0.118;0.4141;1
2992;499;4;0;0;0;-0.118;0.4141;1
2993;499;5;1;0;0;-0.118;0.4141;1
2994;499;6;1;0;0;-0.118;0.4141;1
2995;500;1;0;0;0;-0.2293;0.0096;1
2996;500;2;0;0;0;-0.2293;0.0096;1
2997;500;3;1;0;0;-0.2293;0.0096;1
2998;500;4;0;0;0;-0.2293;0.0096;1
2999;500;5;1;0;0;-0.2293;0.0096;1
3000;500;6;1;0;0;-0.2293;0.0096;1
